,date,Temperature(F)
0,2008-07-01,73.0
1,2008-07-02,73.0
2,2008-07-03,76.0
3,2008-07-04,71.5
4,2008-07-05,71.5
5,2008-07-06,70.5
6,2008-07-07,72.0
7,2008-07-08,77.0
8,2008-07-09,76.0
9,2008-07-10,73.5
10,2008-07-11,72.0
11,2008-07-12,75.0
12,2008-07-13,72.5
13,2008-07-14,73.5
14,2008-07-15,76.0
15,2008-07-16,76.5
16,2008-07-17,79.0
17,2008-07-18,80.5
18,2008-07-19,81.5
19,2008-07-20,81.0
20,2008-07-21,80.5
21,2008-07-22,75.5
22,2008-07-23,76.5
23,2008-07-24,74.0
24,2008-07-25,72.0
25,2008-07-26,73.5
26,2008-07-27,72.5
27,2008-07-28,72.5
28,2008-07-29,78.5
29,2008-07-30,75.5
30,2008-07-31,78.5
31,2008-08-01,79.5
32,2008-08-02,74.0
33,2008-08-03,72.0
34,2008-08-04,72.0
35,2008-08-05,74.5
36,2008-08-06,78.0
37,2008-08-07,73.0
38,2008-08-08,70.0
39,2008-08-09,71.0
40,2008-08-10,69.0
41,2008-08-11,66.0
42,2008-08-12,68.5
43,2008-08-13,70.0
44,2008-08-14,72.5
45,2008-08-15,70.0
46,2008-08-16,71.0
47,2008-08-17,71.0
48,2008-08-18,77.5
49,2008-08-19,72.5
50,2008-08-20,67.5
51,2008-08-21,72.0
52,2008-08-22,69.0
53,2008-08-23,67.0
54,2008-08-24,70.0
55,2008-08-25,74.0
56,2008-08-26,68.0
57,2008-08-27,67.0
58,2008-08-28,68.0
59,2008-08-29,67.5
60,2008-08-30,74.5
61,2008-08-31,72.0
62,2008-09-01,71.5
63,2008-09-02,75.5
64,2008-09-03,73.5
65,2008-09-04,77.0
66,2008-09-05,76.0
67,2008-09-06,75.5
68,2008-09-07,71.5
69,2008-09-08,70.0
70,2008-09-09,70.5
71,2008-09-10,65.5
72,2008-09-11,65.0
73,2008-09-12,64.5
74,2008-09-13,72.0
75,2008-09-14,77.0
76,2008-09-15,71.5
77,2008-09-16,65.5
78,2008-09-17,65.5
79,2008-09-18,63.5
80,2008-09-19,58.0
81,2008-09-20,57.5
82,2008-09-21,63.5
83,2008-09-22,65.5
84,2008-09-23,61.0
85,2008-09-24,59.5
86,2008-09-25,59.0
87,2008-09-26,62.0
88,2008-09-27,65.5
89,2008-09-28,70.0
90,2008-09-29,66.0
91,2008-09-30,63.0
92,2008-10-01,64.5
93,2008-10-02,56.5
94,2008-10-03,55.0
95,2008-10-04,53.5
96,2008-10-05,56.0
97,2008-10-06,54.5
98,2008-10-07,52.5
99,2008-10-08,53.0
100,2008-10-09,65.0
101,2008-10-10,64.0
102,2008-10-11,60.0
103,2008-10-12,60.5
104,2008-10-13,63.5
105,2008-10-14,62.0
106,2008-10-15,64.0
107,2008-10-16,66.5
108,2008-10-17,53.5
109,2008-10-18,48.5
110,2008-10-19,46.0
111,2008-10-20,49.0
112,2008-10-21,51.5
113,2008-10-22,46.5
114,2008-10-23,45.5
115,2008-10-24,44.0
116,2008-10-25,56.5
117,2008-10-26,53.5
118,2008-10-27,53.5
119,2008-10-28,41.0
120,2008-10-29,40.5
121,2008-10-30,40.0
122,2008-10-31,48.0
123,2008-11-01,55.5
124,2008-11-02,42.5
125,2008-11-03,48.0
126,2008-11-04,53.5
127,2008-11-05,56.5
128,2008-11-06,58.0
129,2008-11-07,59.5
130,2008-11-08,56.5
131,2008-11-09,49.0
132,2008-11-10,43.0
133,2008-11-11,42.0
134,2008-11-12,42.5
135,2008-11-13,49.0
136,2008-11-14,57.5
137,2008-11-15,60.5
138,2008-11-16,47.0
139,2008-11-17,39.5
140,2008-11-18,33.5
141,2008-11-19,30.5
142,2008-11-20,32.5
143,2008-11-21,31.5
144,2008-11-22,27.5
145,2008-11-23,29.5
146,2008-11-24,37.0
147,2008-11-25,38.0
148,2008-11-26,38.5
149,2008-11-27,37.5
150,2008-11-28,40.5
151,2008-11-29,38.0
152,2008-11-30,39.5
153,2008-12-01,48.0
154,2008-12-02,38.5
155,2008-12-03,35.5
156,2008-12-04,41.5
157,2008-12-05,34.0
158,2008-12-06,31.0
159,2008-12-07,28.5
160,2008-12-08,23.5
161,2008-12-09,39.5
162,2008-12-10,52.0
163,2008-12-11,39.5
164,2008-12-12,36.5
165,2008-12-13,29.5
166,2008-12-14,35.0
167,2008-12-15,52.5
168,2008-12-16,42.5
169,2008-12-17,36.5
170,2008-12-18,36.0
171,2008-12-19,32.5
172,2008-12-20,25.5
173,2008-12-21,31.0
174,2008-12-22,17.5
175,2008-12-23,22.0
176,2008-12-24,40.5
177,2008-12-25,41.5
178,2008-12-26,33.5
179,2008-12-27,41.0
180,2008-12-28,50.5
181,2008-12-29,39.0
182,2008-12-30,35.0
183,2008-12-31,27.5
184,2009-01-01,20.5
185,2009-01-02,25.0
186,2009-01-03,31.0
187,2009-01-04,30.5
188,2009-01-05,37.0
189,2009-01-06,31.5
190,2009-01-07,35.5
191,2009-01-08,31.5
192,2009-01-09,29.0
193,2009-01-10,27.0
194,2009-01-11,27.5
195,2009-01-12,26.0
196,2009-01-13,30.5
197,2009-01-14,24.0
198,2009-01-15,17.5
199,2009-01-16,13.5
200,2009-01-17,11.5
201,2009-01-18,25.0
202,2009-01-19,26.0
203,2009-01-20,22.5
204,2009-01-21,19.0
205,2009-01-22,26.0
206,2009-01-23,32.5
207,2009-01-24,28.5
208,2009-01-25,20.0
209,2009-01-26,22.5
210,2009-01-27,24.5
211,2009-01-28,32.0
212,2009-01-29,28.0
213,2009-01-30,28.5
214,2009-01-31,23.0
215,2009-02-01,32.0
216,2009-02-02,39.0
217,2009-02-03,29.5
218,2009-02-04,22.0
219,2009-02-05,15.0
220,2009-02-06,21.0
221,2009-02-07,31.5
222,2009-02-08,41.0
223,2009-02-09,36.0
224,2009-02-10,37.5
225,2009-02-11,49.0
226,2009-02-12,47.5
227,2009-02-13,35.0
228,2009-02-14,33.5
229,2009-02-15,33.5
230,2009-02-16,32.5
231,2009-02-17,31.5
232,2009-02-18,33.5
233,2009-02-19,37.0
234,2009-02-20,27.0
235,2009-02-21,32.5
236,2009-02-22,34.0
237,2009-02-23,28.5
238,2009-02-24,28.0
239,2009-02-25,31.0
240,2009-02-26,38.5
241,2009-02-27,44.5
242,2009-02-28,39.5
243,2009-03-01,31.0
244,2009-03-02,20.5
245,2009-03-03,16.0
246,2009-03-04,19.5
247,2009-03-05,24.5
248,2009-03-06,41.5
249,2009-03-07,54.5
250,2009-03-08,52.0
251,2009-03-09,42.0
252,2009-03-10,39.0
253,2009-03-11,46.0
254,2009-03-12,35.0
255,2009-03-13,32.0
256,2009-03-14,38.0
257,2009-03-15,43.5
258,2009-03-16,42.5
259,2009-03-17,42.5
260,2009-03-18,46.5
261,2009-03-19,42.0
262,2009-03-20,37.5
263,2009-03-21,37.0
264,2009-03-22,41.5
265,2009-03-23,34.0
266,2009-03-24,35.5
267,2009-03-25,39.5
268,2009-03-26,39.0
269,2009-03-27,50.5
270,2009-03-28,49.5
271,2009-03-29,48.5
272,2009-03-30,44.0
273,2009-03-31,46.0
274,2009-04-01,42.0
275,2009-04-02,52.0
276,2009-04-03,53.0
277,2009-04-04,45.5
278,2009-04-05,50.5
279,2009-04-06,47.0
280,2009-04-07,40.5
281,2009-04-08,39.5
282,2009-04-09,46.0
283,2009-04-10,45.5
284,2009-04-11,43.0
285,2009-04-12,39.0
286,2009-04-13,42.0
287,2009-04-14,43.5
288,2009-04-15,45.0
289,2009-04-16,49.0
290,2009-04-17,51.0
291,2009-04-18,59.5
292,2009-04-19,51.5
293,2009-04-20,46.5
294,2009-04-21,54.5
295,2009-04-22,50.5
296,2009-04-23,46.5
297,2009-04-24,52.5
298,2009-04-25,62.5
299,2009-04-26,72.0
300,2009-04-27,69.0
301,2009-04-28,73.0
302,2009-04-29,53.5
303,2009-04-30,52.0
304,2009-05-01,59.5
305,2009-05-02,59.5
306,2009-05-03,52.5
307,2009-05-04,51.5
308,2009-05-05,51.5
309,2009-05-06,55.5
310,2009-05-07,61.0
311,2009-05-08,61.0
312,2009-05-09,67.0
313,2009-05-10,58.5
314,2009-05-11,54.0
315,2009-05-12,57.0
316,2009-05-13,54.0
317,2009-05-14,58.5
318,2009-05-15,65.5
319,2009-05-16,60.5
320,2009-05-17,57.0
321,2009-05-18,51.0
322,2009-05-19,52.5
323,2009-05-20,61.5
324,2009-05-21,65.0
325,2009-05-22,68.0
326,2009-05-23,64.5
327,2009-05-24,66.0
328,2009-05-25,70.0
329,2009-05-26,54.5
330,2009-05-27,60.0
331,2009-05-28,58.5
332,2009-05-29,64.0
333,2009-05-30,65.0
334,2009-05-31,62.5
335,2009-06-01,57.0
336,2009-06-02,68.0
337,2009-06-03,65.0
338,2009-06-04,62.0
339,2009-06-05,56.0
340,2009-06-06,65.5
341,2009-06-07,68.0
342,2009-06-08,67.5
343,2009-06-09,66.0
344,2009-06-10,64.5
345,2009-06-11,62.0
346,2009-06-12,68.5
347,2009-06-13,65.0
348,2009-06-14,64.0
349,2009-06-15,62.0
350,2009-06-16,60.0
351,2009-06-17,56.5
352,2009-06-18,61.5
353,2009-06-19,70.0
354,2009-06-20,64.5
355,2009-06-21,68.0
356,2009-06-22,68.0
357,2009-06-23,69.5
358,2009-06-24,68.0
359,2009-06-25,69.0
360,2009-06-26,74.5
361,2009-06-27,69.5
362,2009-06-28,69.5
363,2009-06-29,71.5
364,2009-06-30,70.5
365,2009-07-01,70.5
366,2009-07-02,70.5
367,2009-07-03,70.5
368,2009-07-04,69.0
369,2009-07-05,66.5
370,2009-07-06,71.0
371,2009-07-07,69.0
372,2009-07-08,67.0
373,2009-07-09,64.0
374,2009-07-10,64.0
375,2009-07-11,66.5
376,2009-07-12,71.5
377,2009-07-13,65.0
378,2009-07-14,69.0
379,2009-07-15,67.5
380,2009-07-16,74.5
381,2009-07-17,75.5
382,2009-07-18,73.5
383,2009-07-19,70.5
384,2009-07-20,71.0
385,2009-07-21,66.0
386,2009-07-22,72.0
387,2009-07-23,69.5
388,2009-07-24,72.0
389,2009-07-25,72.0
390,2009-07-26,75.5
391,2009-07-27,75.0
392,2009-07-28,75.5
393,2009-07-29,75.0
394,2009-07-30,77.5
395,2009-07-31,74.0
396,2009-08-01,72.0
397,2009-08-02,70.0
398,2009-08-03,75.5
399,2009-08-04,72.0
400,2009-08-05,77.5
401,2009-08-06,69.0
402,2009-08-07,70.5
403,2009-08-08,71.5
404,2009-08-09,72.0
405,2009-08-10,80.0
406,2009-08-11,80.0
407,2009-08-12,74.0
408,2009-08-13,71.0
409,2009-08-14,74.5
410,2009-08-15,76.5
411,2009-08-16,79.0
412,2009-08-17,81.0
413,2009-08-18,79.0
414,2009-08-19,80.0
415,2009-08-20,78.5
416,2009-08-21,80.0
417,2009-08-22,77.0
418,2009-08-23,77.0
419,2009-08-24,75.0
420,2009-08-25,75.0
421,2009-08-26,76.5
422,2009-08-27,72.0
423,2009-08-28,67.0
424,2009-08-29,69.0
425,2009-08-30,72.5
426,2009-08-31,65.0
427,2009-09-01,63.5
428,2009-09-02,63.0
429,2009-09-03,64.0
430,2009-09-04,71.5
431,2009-09-05,76.5
432,2009-09-06,66.0
433,2009-09-07,66.0
434,2009-09-08,65.0
435,2009-09-09,67.0
436,2009-09-10,62.0
437,2009-09-11,61.5
438,2009-09-12,64.5
439,2009-09-13,70.5
440,2009-09-14,67.0
441,2009-09-15,69.0
442,2009-09-16,62.0
443,2009-09-17,56.5
444,2009-09-18,61.5
445,2009-09-19,59.5
446,2009-09-20,59.0
447,2009-09-21,60.0
448,2009-09-22,65.0
449,2009-09-23,70.5
450,2009-09-24,72.5
451,2009-09-25,60.5
452,2009-09-26,57.0
453,2009-09-27,62.5
454,2009-09-28,64.5
455,2009-09-29,59.5
456,2009-09-30,52.5
457,2009-10-01,50.5
458,2009-10-02,51.5
459,2009-10-03,64.5
460,2009-10-04,64.0
461,2009-10-05,58.5
462,2009-10-06,57.5
463,2009-10-07,60.5
464,2009-10-08,57.0
465,2009-10-09,62.0
466,2009-10-10,58.0
467,2009-10-11,53.5
468,2009-10-12,46.5
469,2009-10-13,54.0
470,2009-10-14,47.0
471,2009-10-15,41.5
472,2009-10-16,40.0
473,2009-10-17,44.5
474,2009-10-18,41.0
475,2009-10-19,45.5
476,2009-10-20,52.5
477,2009-10-21,58.5
478,2009-10-22,60.5
479,2009-10-23,54.0
480,2009-10-24,62.5
481,2009-10-25,54.5
482,2009-10-26,51.5
483,2009-10-27,50.5
484,2009-10-28,52.0
485,2009-10-29,51.0
486,2009-10-30,51.5
487,2009-10-31,60.5
488,2009-11-01,50.0
489,2009-11-02,48.0
490,2009-11-03,49.5
491,2009-11-04,45.0
492,2009-11-05,45.0
493,2009-11-06,41.5
494,2009-11-07,41.5
495,2009-11-08,53.5
496,2009-11-09,54.0
497,2009-11-10,58.0
498,2009-11-11,49.5
499,2009-11-12,45.5
500,2009-11-13,49.0
501,2009-11-14,53.5
502,2009-11-15,57.0
503,2009-11-16,51.0
504,2009-11-17,48.0
505,2009-11-18,46.0
506,2009-11-19,53.0
507,2009-11-20,53.0
508,2009-11-21,49.0
509,2009-11-22,47.5
510,2009-11-23,44.5
511,2009-11-24,49.5
512,2009-11-25,46.5
513,2009-11-26,51.5
514,2009-11-27,43.5
515,2009-11-28,44.5
516,2009-11-29,45.0
517,2009-11-30,45.5
518,2009-12-01,39.0
519,2009-12-02,44.5
520,2009-12-03,55.0
521,2009-12-04,45.5
522,2009-12-05,37.5
523,2009-12-06,33.0
524,2009-12-07,32.5
525,2009-12-08,37.0
526,2009-12-09,42.5
527,2009-12-10,33.5
528,2009-12-11,25.5
529,2009-12-12,30.0
530,2009-12-13,37.0
531,2009-12-14,39.0
532,2009-12-15,45.0
533,2009-12-16,33.0
534,2009-12-17,26.0
535,2009-12-18,22.5
536,2009-12-19,24.5
537,2009-12-20,25.5
538,2009-12-21,26.5
539,2009-12-22,26.0
540,2009-12-23,21.5
541,2009-12-24,26.5
542,2009-12-25,33.5
543,2009-12-26,45.5
544,2009-12-27,45.0
545,2009-12-28,33.0
546,2009-12-29,23.5
547,2009-12-30,24.5
548,2009-12-31,30.0
549,2010-01-01,34.0
550,2010-01-02,23.0
551,2010-01-03,19.0
552,2010-01-04,23.0
553,2010-01-05,24.5
554,2010-01-06,28.0
555,2010-01-07,31.5
556,2010-01-08,26.0
557,2010-01-09,22.0
558,2010-01-10,19.5
559,2010-01-11,24.5
560,2010-01-12,28.0
561,2010-01-13,27.5
562,2010-01-14,32.5
563,2010-01-15,38.5
564,2010-01-16,38.0
565,2010-01-17,35.0
566,2010-01-18,40.5
567,2010-01-19,40.5
568,2010-01-20,36.0
569,2010-01-21,34.5
570,2010-01-22,35.5
571,2010-01-23,33.0
572,2010-01-24,37.0
573,2010-01-25,51.5
574,2010-01-26,36.5
575,2010-01-27,34.5
576,2010-01-28,30.5
577,2010-01-29,19.0
578,2010-01-30,16.0
579,2010-01-31,20.5
580,2010-02-01,28.5
581,2010-02-02,29.0
582,2010-02-03,32.0
583,2010-02-04,30.0
584,2010-02-05,30.5
585,2010-02-06,24.5
586,2010-02-07,21.0
587,2010-02-08,26.5
588,2010-02-09,31.0
589,2010-02-10,31.5
590,2010-02-11,29.0
591,2010-02-12,26.0
592,2010-02-13,23.5
593,2010-02-14,28.0
594,2010-02-15,28.5
595,2010-02-16,29.5
596,2010-02-17,28.5
597,2010-02-18,32.0
598,2010-02-19,33.5
599,2010-02-20,35.5
600,2010-02-21,35.0
601,2010-02-22,33.5
602,2010-02-23,35.0
603,2010-02-24,35.0
604,2010-02-25,30.5
605,2010-02-26,29.0
606,2010-02-27,29.5
607,2010-02-28,28.5
608,2010-03-01,37.5
609,2010-03-02,36.0
610,2010-03-03,34.5
611,2010-03-04,38.5
612,2010-03-05,37.5
613,2010-03-06,38.5
614,2010-03-07,40.5
615,2010-03-08,44.5
616,2010-03-09,48.0
617,2010-03-10,45.0
618,2010-03-11,46.0
619,2010-03-12,42.0
620,2010-03-13,42.5
621,2010-03-14,43.5
622,2010-03-15,41.0
623,2010-03-16,50.0
624,2010-03-17,49.0
625,2010-03-18,51.5
626,2010-03-19,53.5
627,2010-03-20,56.5
628,2010-03-21,51.5
629,2010-03-22,51.0
630,2010-03-23,50.0
631,2010-03-24,46.5
632,2010-03-25,48.0
633,2010-03-26,41.0
634,2010-03-27,34.5
635,2010-03-28,38.5
636,2010-03-29,49.5
637,2010-03-30,44.5
638,2010-03-31,49.5
639,2010-04-01,53.0
640,2010-04-02,54.0
641,2010-04-03,52.0
642,2010-04-04,57.0
643,2010-04-05,57.5
644,2010-04-06,62.5
645,2010-04-07,71.5
646,2010-04-08,67.0
647,2010-04-09,51.0
648,2010-04-10,46.0
649,2010-04-11,56.5
650,2010-04-12,54.5
651,2010-04-13,47.5
652,2010-04-14,52.0
653,2010-04-15,56.5
654,2010-04-16,51.0
655,2010-04-17,46.5
656,2010-04-18,45.5
657,2010-04-19,50.5
658,2010-04-20,54.5
659,2010-04-21,55.0
660,2010-04-22,57.0
661,2010-04-23,52.5
662,2010-04-24,52.5
663,2010-04-25,47.0
664,2010-04-26,49.0
665,2010-04-27,48.0
666,2010-04-28,45.0
667,2010-04-29,52.5
668,2010-04-30,61.0
669,2010-05-01,69.0
670,2010-05-02,72.0
671,2010-05-03,70.0
672,2010-05-04,66.5
673,2010-05-05,64.0
674,2010-05-06,66.5
675,2010-05-07,58.5
676,2010-05-08,60.0
677,2010-05-09,46.5
678,2010-05-10,47.0
679,2010-05-11,46.5
680,2010-05-12,45.5
681,2010-05-13,52.5
682,2010-05-14,63.5
683,2010-05-15,61.5
684,2010-05-16,58.5
685,2010-05-17,60.0
686,2010-05-18,51.5
687,2010-05-19,56.5
688,2010-05-20,65.5
689,2010-05-21,69.0
690,2010-05-22,62.0
691,2010-05-23,64.0
692,2010-05-24,65.0
693,2010-05-25,66.5
694,2010-05-26,76.5
695,2010-05-27,64.5
696,2010-05-28,63.5
697,2010-05-29,64.0
698,2010-05-30,71.5
699,2010-05-31,71.0
700,2010-06-01,72.0
701,2010-06-02,70.5
702,2010-06-03,75.0
703,2010-06-04,75.0
704,2010-06-05,77.5
705,2010-06-06,70.0
706,2010-06-07,62.5
707,2010-06-08,62.0
708,2010-06-09,55.0
709,2010-06-10,65.5
710,2010-06-11,62.5
711,2010-06-12,66.5
712,2010-06-13,71.0
713,2010-06-14,69.0
714,2010-06-15,68.0
715,2010-06-16,64.0
716,2010-06-17,67.5
717,2010-06-18,70.0
718,2010-06-19,69.0
719,2010-06-20,78.0
720,2010-06-21,76.0
721,2010-06-22,74.5
722,2010-06-23,78.0
723,2010-06-24,81.5
724,2010-06-25,76.5
725,2010-06-26,76.5
726,2010-06-27,76.5
727,2010-06-28,82.0
728,2010-06-29,78.0
729,2010-06-30,67.0
730,2010-07-01,69.0
731,2010-07-02,67.0
732,2010-07-03,71.0
733,2010-07-04,78.5
734,2010-07-05,80.0
735,2010-07-06,85.0
736,2010-07-07,84.0
737,2010-07-08,78.0
738,2010-07-09,76.5
739,2010-07-10,74.0
740,2010-07-11,76.5
741,2010-07-12,76.5
742,2010-07-13,76.0
743,2010-07-14,75.5
744,2010-07-15,77.0
745,2010-07-16,80.5
746,2010-07-17,79.5
747,2010-07-18,79.5
748,2010-07-19,77.0
749,2010-07-20,78.0
750,2010-07-21,79.0
751,2010-07-22,77.0
752,2010-07-23,75.5
753,2010-07-24,84.5
754,2010-07-25,79.5
755,2010-07-26,73.5
756,2010-07-27,75.0
757,2010-07-28,74.0
758,2010-07-29,78.5
759,2010-07-30,72.0
760,2010-07-31,71.0
761,2010-08-01,71.5
762,2010-08-02,71.5
763,2010-08-03,74.0
764,2010-08-04,79.0
765,2010-08-05,81.5
766,2010-08-06,76.5
767,2010-08-07,72.5
768,2010-08-08,74.5
769,2010-08-09,77.5
770,2010-08-10,78.5
771,2010-08-11,79.5
772,2010-08-12,73.5
773,2010-08-13,71.5
774,2010-08-14,69.5
775,2010-08-15,71.5
776,2010-08-16,76.5
777,2010-08-17,78.5
778,2010-08-18,73.0
779,2010-08-19,74.0
780,2010-08-20,76.5
781,2010-08-21,72.5
782,2010-08-22,74.0
783,2010-08-23,67.0
784,2010-08-24,65.5
785,2010-08-25,66.0
786,2010-08-26,71.5
787,2010-08-27,67.0
788,2010-08-28,69.0
789,2010-08-29,75.0
790,2010-08-30,77.0
791,2010-08-31,78.5
792,2010-09-01,79.5
793,2010-09-02,78.5
794,2010-09-03,75.5
795,2010-09-04,69.0
796,2010-09-05,65.0
797,2010-09-06,64.5
798,2010-09-07,72.5
799,2010-09-08,73.0
800,2010-09-09,63.5
801,2010-09-10,64.0
802,2010-09-11,66.0
803,2010-09-12,62.5
804,2010-09-13,67.0
805,2010-09-14,66.5
806,2010-09-15,63.5
807,2010-09-16,61.5
808,2010-09-17,64.0
809,2010-09-18,62.5
810,2010-09-19,67.5
811,2010-09-20,64.0
812,2010-09-21,61.0
813,2010-09-22,71.0
814,2010-09-23,70.5
815,2010-09-24,71.5
816,2010-09-25,74.5
817,2010-09-26,65.0
818,2010-09-27,65.5
819,2010-09-28,71.5
820,2010-09-29,68.5
821,2010-09-30,70.0
822,2010-10-01,64.5
823,2010-10-02,58.0
824,2010-10-03,55.0
825,2010-10-04,52.5
826,2010-10-05,55.5
827,2010-10-06,57.0
828,2010-10-07,59.0
829,2010-10-08,60.0
830,2010-10-09,60.5
831,2010-10-10,54.5
832,2010-10-11,63.5
833,2010-10-12,60.0
834,2010-10-13,54.5
835,2010-10-14,53.5
836,2010-10-15,51.5
837,2010-10-16,52.0
838,2010-10-17,55.0
839,2010-10-18,53.0
840,2010-10-19,52.5
841,2010-10-20,53.0
842,2010-10-21,53.0
843,2010-10-22,47.5
844,2010-10-23,52.0
845,2010-10-24,56.0
846,2010-10-25,59.0
847,2010-10-26,62.5
848,2010-10-27,66.0
849,2010-10-28,58.5
850,2010-10-29,49.5
851,2010-10-30,48.0
852,2010-10-31,47.5
853,2010-11-01,41.0
854,2010-11-02,41.5
855,2010-11-03,43.5
856,2010-11-04,46.5
857,2010-11-05,46.5
858,2010-11-06,44.0
859,2010-11-07,41.5
860,2010-11-08,40.0
861,2010-11-09,45.5
862,2010-11-10,45.5
863,2010-11-11,46.5
864,2010-11-12,49.5
865,2010-11-13,52.5
866,2010-11-14,49.5
867,2010-11-15,52.5
868,2010-11-16,52.5
869,2010-11-17,52.5
870,2010-11-18,48.0
871,2010-11-19,42.0
872,2010-11-20,45.5
873,2010-11-21,41.0
874,2010-11-22,51.0
875,2010-11-23,53.5
876,2010-11-24,42.5
877,2010-11-25,38.5
878,2010-11-26,45.0
879,2010-11-27,37.5
880,2010-11-28,38.0
881,2010-11-29,39.0
882,2010-11-30,46.5
883,2010-12-01,48.5
884,2010-12-02,36.5
885,2010-12-03,35.5
886,2010-12-04,34.5
887,2010-12-05,31.5
888,2010-12-06,31.5
889,2010-12-07,31.5
890,2010-12-08,30.0
891,2010-12-09,26.0
892,2010-12-10,27.0
893,2010-12-11,35.0
894,2010-12-12,46.0
895,2010-12-13,34.5
896,2010-12-14,21.5
897,2010-12-15,23.5
898,2010-12-16,26.0
899,2010-12-17,28.0
900,2010-12-18,30.0
901,2010-12-19,31.0
902,2010-12-20,30.0
903,2010-12-21,32.0
904,2010-12-22,32.5
905,2010-12-23,32.5
906,2010-12-24,32.5
907,2010-12-25,28.0
908,2010-12-26,25.0
909,2010-12-27,21.0
910,2010-12-28,26.0
911,2010-12-29,27.5
912,2010-12-30,22.5
913,2010-12-31,32.0
914,2011-01-01,35.0
915,2011-01-02,38.0
916,2011-01-03,29.0
917,2011-01-04,31.5
918,2011-01-05,31.0
919,2011-01-06,27.0
920,2011-01-07,28.0
921,2011-01-08,25.0
922,2011-01-09,26.5
923,2011-01-10,26.5
924,2011-01-11,25.0
925,2011-01-12,25.0
926,2011-01-13,21.0
927,2011-01-14,18.5
928,2011-01-15,23.0
929,2011-01-16,26.5
930,2011-01-17,20.0
931,2011-01-18,31.0
932,2011-01-19,34.5
933,2011-01-20,28.5
934,2011-01-21,25.5
935,2011-01-22,17.0
936,2011-01-23,16.0
937,2011-01-24,10.5
938,2011-01-25,26.5
939,2011-01-26,30.0
940,2011-01-27,28.0
941,2011-01-28,23.5
942,2011-01-29,23.5
943,2011-01-30,23.0
944,2011-01-31,20.0
945,2011-02-01,27.0
946,2011-02-02,31.5
947,2011-02-03,23.5
948,2011-02-04,23.5
949,2011-02-05,27.5
950,2011-02-06,33.5
951,2011-02-07,29.0
952,2011-02-08,26.0
953,2011-02-09,20.0
954,2011-02-10,21.5
955,2011-02-11,24.5
956,2011-02-12,30.0
957,2011-02-13,32.0
958,2011-02-14,43.0
959,2011-02-15,27.5
960,2011-02-16,31.0
961,2011-02-17,38.5
962,2011-02-18,48.0
963,2011-02-19,32.5
964,2011-02-20,26.5
965,2011-02-21,28.0
966,2011-02-22,25.0
967,2011-02-23,28.0
968,2011-02-24,32.5
969,2011-02-25,38.0
970,2011-02-26,34.0
971,2011-02-27,36.0
972,2011-02-28,45.0
973,2011-03-01,36.0
974,2011-03-02,40.0
975,2011-03-03,32.0
976,2011-03-04,33.5
977,2011-03-05,33.5
978,2011-03-06,33.0
979,2011-03-07,37.0
980,2011-03-08,36.5
981,2011-03-09,36.0
982,2011-03-10,42.0
983,2011-03-11,44.0
984,2011-03-12,42.0
985,2011-03-13,42.5
986,2011-03-14,38.5
987,2011-03-15,38.0
988,2011-03-16,42.0
989,2011-03-17,48.0
990,2011-03-18,55.0
991,2011-03-19,41.5
992,2011-03-20,38.5
993,2011-03-21,40.0
994,2011-03-22,42.5
995,2011-03-23,36.5
996,2011-03-24,34.5
997,2011-03-25,32.0
998,2011-03-26,30.5
999,2011-03-27,33.5
1000,2011-03-28,32.5
1001,2011-03-29,36.5
1002,2011-03-30,40.0
1003,2011-03-31,38.0
1004,2011-04-01,37.5
1005,2011-04-02,42.0
1006,2011-04-03,44.0
1007,2011-04-04,49.5
1008,2011-04-05,48.0
1009,2011-04-06,43.5
1010,2011-04-07,43.0
1011,2011-04-08,42.5
1012,2011-04-09,44.0
1013,2011-04-10,45.5
1014,2011-04-11,57.0
1015,2011-04-12,53.0
1016,2011-04-13,46.5
1017,2011-04-14,52.5
1018,2011-04-15,44.5
1019,2011-04-16,45.5
1020,2011-04-17,50.5
1021,2011-04-18,48.5
1022,2011-04-19,49.5
1023,2011-04-20,53.5
1024,2011-04-21,47.5
1025,2011-04-22,42.0
1026,2011-04-23,49.0
1027,2011-04-24,60.0
1028,2011-04-25,59.5
1029,2011-04-26,62.0
1030,2011-04-27,62.5
1031,2011-04-28,61.0
1032,2011-04-29,55.5
1033,2011-04-30,52.5
1034,2011-05-01,53.0
1035,2011-05-02,53.0
1036,2011-05-03,59.0
1037,2011-05-04,52.0
1038,2011-05-05,51.0
1039,2011-05-06,53.5
1040,2011-05-07,56.0
1041,2011-05-08,56.5
1042,2011-05-09,57.0
1043,2011-05-10,57.0
1044,2011-05-11,55.5
1045,2011-05-12,56.5
1046,2011-05-13,54.5
1047,2011-05-14,56.0
1048,2011-05-15,61.0
1049,2011-05-16,57.0
1050,2011-05-17,56.0
1051,2011-05-18,61.0
1052,2011-05-19,62.5
1053,2011-05-20,57.5
1054,2011-05-21,61.0
1055,2011-05-22,56.5
1056,2011-05-23,59.0
1057,2011-05-24,68.0
1058,2011-05-25,67.5
1059,2011-05-26,65.5
1060,2011-05-27,68.5
1061,2011-05-28,69.0
1062,2011-05-29,65.5
1063,2011-05-30,67.0
1064,2011-05-31,71.5
1065,2011-06-01,72.0
1066,2011-06-02,64.5
1067,2011-06-03,61.0
1068,2011-06-04,61.0
1069,2011-06-05,59.5
1070,2011-06-06,66.0
1071,2011-06-07,68.0
1072,2011-06-08,70.5
1073,2011-06-09,77.5
1074,2011-06-10,74.0
1075,2011-06-11,64.5
1076,2011-06-12,63.0
1077,2011-06-13,65.0
1078,2011-06-14,61.5
1079,2011-06-15,66.0
1080,2011-06-16,68.0
1081,2011-06-17,69.0
1082,2011-06-18,69.5
1083,2011-06-19,69.5
1084,2011-06-20,67.0
1085,2011-06-21,72.0
1086,2011-06-22,71.5
1087,2011-06-23,69.0
1088,2011-06-24,71.0
1089,2011-06-25,68.5
1090,2011-06-26,69.5
1091,2011-06-27,71.0
1092,2011-06-28,72.5
1093,2011-06-29,72.0
1094,2011-06-30,70.0
1095,2011-07-01,69.0
1096,2011-07-02,71.5
1097,2011-07-03,72.0
1098,2011-07-04,74.5
1099,2011-07-05,74.0
1100,2011-07-06,74.5
1101,2011-07-07,76.5
1102,2011-07-08,74.0
1103,2011-07-09,74.5
1104,2011-07-10,72.0
1105,2011-07-11,76.5
1106,2011-07-12,80.5
1107,2011-07-13,75.0
1108,2011-07-14,70.0
1109,2011-07-15,72.0
1110,2011-07-16,73.5
1111,2011-07-17,74.0
1112,2011-07-18,78.5
1113,2011-07-19,78.5
1114,2011-07-20,75.0
1115,2011-07-21,79.5
1116,2011-07-22,85.5
1117,2011-07-23,78.5
1118,2011-07-24,79.5
1119,2011-07-25,72.5
1120,2011-07-26,75.5
1121,2011-07-27,73.0
1122,2011-07-28,74.0
1123,2011-07-29,77.0
1124,2011-07-30,77.5
1125,2011-07-31,75.5
1126,2011-08-01,78.0
1127,2011-08-02,77.0
1128,2011-08-03,74.5
1129,2011-08-04,73.5
1130,2011-08-05,74.0
1131,2011-08-06,73.5
1132,2011-08-07,79.0
1133,2011-08-08,77.5
1134,2011-08-09,76.0
1135,2011-08-10,75.5
1136,2011-08-11,72.5
1137,2011-08-12,70.5
1138,2011-08-13,71.5
1139,2011-08-14,69.5
1140,2011-08-15,71.0
1141,2011-08-16,70.0
1142,2011-08-17,72.0
1143,2011-08-18,73.0
1144,2011-08-19,73.0
1145,2011-08-20,72.0
1146,2011-08-21,75.0
1147,2011-08-22,69.0
1148,2011-08-23,67.0
1149,2011-08-24,69.0
1150,2011-08-25,74.5
1151,2011-08-26,74.0
1152,2011-08-27,72.5
1153,2011-08-28,67.5
1154,2011-08-29,66.0
1155,2011-08-30,69.5
1156,2011-08-31,69.5
1157,2011-09-01,70.0
1158,2011-09-02,67.0
1159,2011-09-03,70.5
1160,2011-09-04,74.0
1161,2011-09-05,73.0
1162,2011-09-06,65.0
1163,2011-09-07,65.5
1164,2011-09-08,69.5
1165,2011-09-09,72.5
1166,2011-09-10,71.0
1167,2011-09-11,67.0
1168,2011-09-12,70.0
1169,2011-09-13,71.0
1170,2011-09-14,73.5
1171,2011-09-15,63.0
1172,2011-09-16,56.0
1173,2011-09-17,57.5
1174,2011-09-18,59.5
1175,2011-09-19,58.0
1176,2011-09-20,62.0
1177,2011-09-21,67.5
1178,2011-09-22,70.0
1179,2011-09-23,68.0
1180,2011-09-24,70.0
1181,2011-09-25,71.0
1182,2011-09-26,70.5
1183,2011-09-27,69.5
1184,2011-09-28,68.5
1185,2011-09-29,67.0
1186,2011-09-30,65.5
1187,2011-10-01,57.0
1188,2011-10-02,55.5
1189,2011-10-03,50.5
1190,2011-10-04,56.0
1191,2011-10-05,61.5
1192,2011-10-06,55.5
1193,2011-10-07,55.5
1194,2011-10-08,61.5
1195,2011-10-09,68.5
1196,2011-10-10,69.0
1197,2011-10-11,66.0
1198,2011-10-12,60.0
1199,2011-10-13,61.5
1200,2011-10-14,62.5
1201,2011-10-15,58.0
1202,2011-10-16,58.0
1203,2011-10-17,59.5
1204,2011-10-18,59.0
1205,2011-10-19,60.5
1206,2011-10-20,60.5
1207,2011-10-21,52.5
1208,2011-10-22,52.0
1209,2011-10-23,51.5
1210,2011-10-24,54.5
1211,2011-10-25,54.5
1212,2011-10-26,54.5
1213,2011-10-27,49.0
1214,2011-10-28,42.5
1215,2011-10-29,39.0
1216,2011-10-30,39.0
1217,2011-10-31,42.0
1218,2011-11-01,46.0
1219,2011-11-02,45.5
1220,2011-11-03,51.5
1221,2011-11-04,46.0
1222,2011-11-05,41.5
1223,2011-11-06,45.0
1224,2011-11-07,49.0
1225,2011-11-08,57.5
1226,2011-11-09,55.0
1227,2011-11-10,56.0
1228,2011-11-11,43.5
1229,2011-11-12,45.0
1230,2011-11-13,50.0
1231,2011-11-14,57.0
1232,2011-11-15,59.5
1233,2011-11-16,54.5
1234,2011-11-17,46.0
1235,2011-11-18,39.5
1236,2011-11-19,42.5
1237,2011-11-20,54.0
1238,2011-11-21,50.5
1239,2011-11-22,47.0
1240,2011-11-23,47.5
1241,2011-11-24,43.0
1242,2011-11-25,50.0
1243,2011-11-26,53.0
1244,2011-11-27,52.0
1245,2011-11-28,58.0
1246,2011-11-29,56.5
1247,2011-11-30,46.5
1248,2011-12-01,42.0
1249,2011-12-02,43.0
1250,2011-12-03,39.5
1251,2011-12-04,45.0
1252,2011-12-05,49.5
1253,2011-12-06,55.5
1254,2011-12-07,52.0
1255,2011-12-08,40.0
1256,2011-12-09,41.0
1257,2011-12-10,37.0
1258,2011-12-11,33.5
1259,2011-12-12,36.0
1260,2011-12-13,38.0
1261,2011-12-14,41.5
1262,2011-12-15,49.5
1263,2011-12-16,47.5
1264,2011-12-17,36.0
1265,2011-12-18,27.0
1266,2011-12-19,36.5
1267,2011-12-20,42.5
1268,2011-12-21,49.0
1269,2011-12-22,51.5
1270,2011-12-23,42.0
1271,2011-12-24,32.5
1272,2011-12-25,38.0
1273,2011-12-26,39.5
1274,2011-12-27,44.5
1275,2011-12-28,37.5
1276,2011-12-29,29.0
1277,2011-12-30,40.5
1278,2011-12-31,46.5
1279,2012-01-01,44.0
1280,2012-01-02,38.5
1281,2012-01-03,25.5
1282,2012-01-04,19.5
1283,2012-01-05,32.0
1284,2012-01-06,40.5
1285,2012-01-07,28.0
1286,2012-01-08,38.0
1287,2012-01-09,32.0
1288,2012-01-10,38.5
1289,2012-01-11,39.0
1290,2012-01-12,43.0
1291,2012-01-13,37.5
1292,2012-01-14,30.0
1293,2012-01-15,21.5
1294,2012-01-16,24.5
1295,2012-01-17,41.0
1296,2012-01-18,38.0
1297,2012-01-19,27.5
1298,2012-01-20,30.0
1299,2012-01-21,26.0
1300,2012-01-22,26.0
1301,2012-01-23,41.5
1302,2012-01-24,43.5
1303,2012-01-25,38.0
1304,2012-01-26,37.5
1305,2012-01-27,47.5
1306,2012-01-28,39.0
1307,2012-01-29,37.0
1308,2012-01-30,35.0
1309,2012-01-31,44.0
1310,2012-02-01,51.0
1311,2012-02-02,39.0
1312,2012-02-03,35.5
1313,2012-02-04,39.5
1314,2012-02-05,34.5
1315,2012-02-06,39.5
1316,2012-02-07,41.0
1317,2012-02-08,33.5
1318,2012-02-09,36.0
1319,2012-02-10,37.5
1320,2012-02-11,34.5
1321,2012-02-12,26.0
1322,2012-02-13,32.5
1323,2012-02-14,38.0
1324,2012-02-15,41.0
1325,2012-02-16,37.5
1326,2012-02-17,44.0
1327,2012-02-18,40.0
1328,2012-02-19,38.0
1329,2012-02-20,37.0
1330,2012-02-21,37.5
1331,2012-02-22,45.5
1332,2012-02-23,49.0
1333,2012-02-24,40.0
1334,2012-02-25,36.5
1335,2012-02-26,35.0
1336,2012-02-27,43.0
1337,2012-02-28,41.5
1338,2012-02-29,39.0
1339,2012-03-01,41.0
1340,2012-03-02,36.5
1341,2012-03-03,47.5
1342,2012-03-04,38.5
1343,2012-03-05,35.5
1344,2012-03-06,33.5
1345,2012-03-07,45.0
1346,2012-03-08,55.0
1347,2012-03-09,45.5
1348,2012-03-10,35.0
1349,2012-03-11,44.0
1350,2012-03-12,50.5
1351,2012-03-13,57.5
1352,2012-03-14,57.5
1353,2012-03-15,46.0
1354,2012-03-16,47.0
1355,2012-03-17,50.0
1356,2012-03-18,50.5
1357,2012-03-19,56.5
1358,2012-03-20,57.5
1359,2012-03-21,56.5
1360,2012-03-22,60.0
1361,2012-03-23,61.0
1362,2012-03-24,53.5
1363,2012-03-25,47.0
1364,2012-03-26,42.0
1365,2012-03-27,39.5
1366,2012-03-28,52.5
1367,2012-03-29,47.0
1368,2012-03-30,45.5
1369,2012-03-31,40.5
1370,2012-04-01,43.0
1371,2012-04-02,45.5
1372,2012-04-03,48.0
1373,2012-04-04,54.5
1374,2012-04-05,47.5
1375,2012-04-06,46.0
1376,2012-04-07,47.0
1377,2012-04-08,51.0
1378,2012-04-09,51.5
1379,2012-04-10,50.5
1380,2012-04-11,47.5
1381,2012-04-12,48.5
1382,2012-04-13,50.5
1383,2012-04-14,55.5
1384,2012-04-15,63.0
1385,2012-04-16,66.5
1386,2012-04-17,65.0
1387,2012-04-18,53.0
1388,2012-04-19,56.0
1389,2012-04-20,57.0
1390,2012-04-21,60.0
1391,2012-04-22,50.0
1392,2012-04-23,48.5
1393,2012-04-24,48.5
1394,2012-04-25,49.5
1395,2012-04-26,50.0
1396,2012-04-27,47.0
1397,2012-04-28,45.5
1398,2012-04-29,50.0
1399,2012-04-30,48.5
1400,2012-05-01,58.0
1401,2012-05-02,52.0
1402,2012-05-03,54.5
1403,2012-05-04,62.0
1404,2012-05-05,58.0
1405,2012-05-06,55.0
1406,2012-05-07,55.0
1407,2012-05-08,58.0
1408,2012-05-09,62.0
1409,2012-05-10,55.0
1410,2012-05-11,55.5
1411,2012-05-12,60.0
1412,2012-05-13,64.5
1413,2012-05-14,63.5
1414,2012-05-15,62.0
1415,2012-05-16,66.0
1416,2012-05-17,59.0
1417,2012-05-18,57.5
1418,2012-05-19,60.5
1419,2012-05-20,63.0
1420,2012-05-21,60.0
1421,2012-05-22,64.0
1422,2012-05-23,66.0
1423,2012-05-24,64.0
1424,2012-05-25,65.5
1425,2012-05-26,71.0
1426,2012-05-27,70.5
1427,2012-05-28,74.0
1428,2012-05-29,76.0
1429,2012-05-30,70.0
1430,2012-05-31,68.5
1431,2012-06-01,63.0
1432,2012-06-02,65.5
1433,2012-06-03,63.5
1434,2012-06-04,56.0
1435,2012-06-05,57.0
1436,2012-06-06,59.0
1437,2012-06-07,63.0
1438,2012-06-08,66.5
1439,2012-06-09,66.0
1440,2012-06-10,69.0
1441,2012-06-11,67.0
1442,2012-06-12,66.5
1443,2012-06-13,67.0
1444,2012-06-14,67.5
1445,2012-06-15,67.5
1446,2012-06-16,65.5
1447,2012-06-17,60.5
1448,2012-06-18,60.5
1449,2012-06-19,67.0
1450,2012-06-20,79.0
1451,2012-06-21,81.0
1452,2012-06-22,78.5
1453,2012-06-23,73.0
1454,2012-06-24,71.0
1455,2012-06-25,66.5
1456,2012-06-26,63.0
1457,2012-06-27,68.5
1458,2012-06-28,73.5
1459,2012-06-29,78.5
1460,2012-06-30,78.0
1461,2012-07-01,77.5
1462,2012-07-02,74.5
1463,2012-07-03,75.5
1464,2012-07-04,77.5
1465,2012-07-05,74.5
1466,2012-07-06,71.5
1467,2012-07-07,76.5
1468,2012-07-08,76.5
1469,2012-07-09,74.5
1470,2012-07-10,72.5
1471,2012-07-11,73.0
1472,2012-07-12,73.0
1473,2012-07-13,76.5
1474,2012-07-14,77.0
1475,2012-07-15,76.5
1476,2012-07-16,77.5
1477,2012-07-17,79.5
1478,2012-07-18,83.0
1479,2012-07-19,73.0
1480,2012-07-20,67.0
1481,2012-07-21,69.0
1482,2012-07-22,69.0
1483,2012-07-23,75.5
1484,2012-07-24,80.5
1485,2012-07-25,73.0
1486,2012-07-26,76.5
1487,2012-07-27,77.5
1488,2012-07-28,74.0
1489,2012-07-29,69.5
1490,2012-07-30,72.0
1491,2012-07-31,70.0
1492,2012-08-01,74.0
1493,2012-08-02,76.0
1494,2012-08-03,78.0
1495,2012-08-04,78.0
1496,2012-08-05,80.0
1497,2012-08-06,76.0
1498,2012-08-07,73.5
1499,2012-08-08,77.0
1500,2012-08-09,77.5
1501,2012-08-10,75.5
1502,2012-08-11,73.5
1503,2012-08-12,76.0
1504,2012-08-13,74.0
1505,2012-08-14,73.0
1506,2012-08-15,74.5
1507,2012-08-16,74.0
1508,2012-08-17,76.0
1509,2012-08-18,71.5
1510,2012-08-19,68.5
1511,2012-08-20,68.5
1512,2012-08-21,72.5
1513,2012-08-22,71.5
1514,2012-08-23,73.0
1515,2012-08-24,75.0
1516,2012-08-25,74.0
1517,2012-08-26,73.0
1518,2012-08-27,73.5
1519,2012-08-28,77.0
1520,2012-08-29,70.0
1521,2012-08-30,69.0
1522,2012-08-31,75.5
1523,2012-09-01,78.0
1524,2012-09-02,74.0
1525,2012-09-03,72.0
1526,2012-09-04,72.5
1527,2012-09-05,72.0
1528,2012-09-06,72.0
1529,2012-09-07,76.0
1530,2012-09-08,72.5
1531,2012-09-09,68.5
1532,2012-09-10,63.5
1533,2012-09-11,62.0
1534,2012-09-12,65.5
1535,2012-09-13,67.5
1536,2012-09-14,68.5
1537,2012-09-15,65.0
1538,2012-09-16,62.5
1539,2012-09-17,64.5
1540,2012-09-18,70.0
1541,2012-09-19,62.0
1542,2012-09-20,60.5
1543,2012-09-21,65.0
1544,2012-09-22,65.5
1545,2012-09-23,60.5
1546,2012-09-24,57.5
1547,2012-09-25,61.0
1548,2012-09-26,67.5
1549,2012-09-27,68.5
1550,2012-09-28,65.0
1551,2012-09-29,60.0
1552,2012-09-30,61.0
1553,2012-10-01,59.5
1554,2012-10-02,63.0
1555,2012-10-03,66.5
1556,2012-10-04,68.0
1557,2012-10-05,68.5
1558,2012-10-06,63.5
1559,2012-10-07,50.5
1560,2012-10-08,49.0
1561,2012-10-09,55.0
1562,2012-10-10,59.0
1563,2012-10-11,51.5
1564,2012-10-12,49.0
1565,2012-10-13,45.0
1566,2012-10-14,58.5
1567,2012-10-15,64.0
1568,2012-10-16,53.0
1569,2012-10-17,51.5
1570,2012-10-18,56.0
1571,2012-10-19,65.0
1572,2012-10-20,59.5
1573,2012-10-21,56.0
1574,2012-10-22,56.5
1575,2012-10-23,58.5
1576,2012-10-24,58.0
1577,2012-10-25,59.5
1578,2012-10-26,61.0
1579,2012-10-27,61.0
1580,2012-10-28,56.0
1581,2012-10-29,56.5
1582,2012-10-30,52.0
1583,2012-10-31,45.5
1584,2012-11-01,47.0
1585,2012-11-02,45.5
1586,2012-11-03,45.0
1587,2012-11-04,43.5
1588,2012-11-05,39.0
1589,2012-11-06,37.0
1590,2012-11-07,35.5
1591,2012-11-08,39.0
1592,2012-11-09,43.0
1593,2012-11-10,46.5
1594,2012-11-11,53.0
1595,2012-11-12,55.5
1596,2012-11-13,49.0
1597,2012-11-14,41.0
1598,2012-11-15,39.0
1599,2012-11-16,40.5
1600,2012-11-17,43.5
1601,2012-11-18,42.5
1602,2012-11-19,41.5
1603,2012-11-20,43.0
1604,2012-11-21,45.5
1605,2012-11-22,45.5
1606,2012-11-23,46.0
1607,2012-11-24,39.5
1608,2012-11-25,37.0
1609,2012-11-26,40.5
1610,2012-11-27,37.5
1611,2012-11-28,36.0
1612,2012-11-29,37.5
1613,2012-11-30,39.5
1614,2012-12-01,38.0
1615,2012-12-02,44.0
1616,2012-12-03,53.0
1617,2012-12-04,53.0
1618,2012-12-05,45.0
1619,2012-12-06,34.0
1620,2012-12-07,38.5
1621,2012-12-08,46.5
1622,2012-12-09,45.5
1623,2012-12-10,51.5
1624,2012-12-11,47.0
1625,2012-12-12,39.5
1626,2012-12-13,39.5
1627,2012-12-14,40.5
1628,2012-12-15,41.0
1629,2012-12-16,45.0
1630,2012-12-17,43.0
1631,2012-12-18,48.5
1632,2012-12-19,42.0
1633,2012-12-20,39.0
1634,2012-12-21,44.5
1635,2012-12-22,35.5
1636,2012-12-23,37.5
1637,2012-12-24,35.5
1638,2012-12-25,37.0
1639,2012-12-26,34.5
1640,2012-12-27,35.0
1641,2012-12-28,33.0
1642,2012-12-29,31.5
1643,2012-12-30,30.0
1644,2012-12-31,31.5
1645,2013-01-01,31.5
1646,2013-01-02,25.0
1647,2013-01-03,26.5
1648,2013-01-04,32.5
1649,2013-01-05,34.5
1650,2013-01-06,36.5
1651,2013-01-07,37.5
1652,2013-01-08,39.0
1653,2013-01-09,40.0
1654,2013-01-10,42.0
1655,2013-01-11,39.5
1656,2013-01-12,44.0
1657,2013-01-13,44.0
1658,2013-01-14,49.0
1659,2013-01-15,38.0
1660,2013-01-16,34.5
1661,2013-01-17,39.0
1662,2013-01-18,30.0
1663,2013-01-19,37.5
1664,2013-01-20,41.5
1665,2013-01-21,29.5
1666,2013-01-22,20.5
1667,2013-01-23,14.5
1668,2013-01-24,18.0
1669,2013-01-25,19.0
1670,2013-01-26,21.0
1671,2013-01-27,25.0
1672,2013-01-28,30.5
1673,2013-01-29,39.5
1674,2013-01-30,48.5
1675,2013-01-31,43.0
1676,2013-02-01,28.0
1677,2013-02-02,23.5
1678,2013-02-03,26.5
1679,2013-02-04,24.0
1680,2013-02-05,29.0
1681,2013-02-06,31.5
1682,2013-02-07,27.0
1683,2013-02-08,33.0
1684,2013-02-09,27.0
1685,2013-02-10,24.0
1686,2013-02-11,36.5
1687,2013-02-12,37.5
1688,2013-02-13,34.5
1689,2013-02-14,35.0
1690,2013-02-15,41.0
1691,2013-02-16,34.0
1692,2013-02-17,23.0
1693,2013-02-18,24.0
1694,2013-02-19,36.5
1695,2013-02-20,29.0
1696,2013-02-21,27.5
1697,2013-02-22,31.0
1698,2013-02-23,39.0
1699,2013-02-24,38.0
1700,2013-02-25,37.0
1701,2013-02-26,38.5
1702,2013-02-27,41.5
1703,2013-02-28,41.5
1704,2013-03-01,38.5
1705,2013-03-02,35.5
1706,2013-03-03,33.0
1707,2013-03-04,33.0
1708,2013-03-05,37.0
1709,2013-03-06,38.0
1710,2013-03-07,36.0
1711,2013-03-08,35.0
1712,2013-03-09,41.0
1713,2013-03-10,37.5
1714,2013-03-11,43.0
1715,2013-03-12,46.0
1716,2013-03-13,42.0
1717,2013-03-14,34.0
1718,2013-03-15,36.5
1719,2013-03-16,34.0
1720,2013-03-17,33.0
1721,2013-03-18,32.0
1722,2013-03-19,38.0
1723,2013-03-20,36.0
1724,2013-03-21,32.0
1725,2013-03-22,32.5
1726,2013-03-23,35.0
1727,2013-03-24,36.0
1728,2013-03-25,37.0
1729,2013-03-26,41.0
1730,2013-03-27,41.5
1731,2013-03-28,41.5
1732,2013-03-29,44.5
1733,2013-03-30,45.0
1734,2013-03-31,44.5
1735,2013-04-01,46.5
1736,2013-04-02,37.0
1737,2013-04-03,37.5
1738,2013-04-04,39.5
1739,2013-04-05,47.0
1740,2013-04-06,40.5
1741,2013-04-07,45.0
1742,2013-04-08,55.5
1743,2013-04-09,61.5
1744,2013-04-10,59.0
1745,2013-04-11,51.5
1746,2013-04-12,43.5
1747,2013-04-13,46.0
1748,2013-04-14,48.5
1749,2013-04-15,47.0
1750,2013-04-16,52.0
1751,2013-04-17,56.5
1752,2013-04-18,52.0
1753,2013-04-19,60.0
1754,2013-04-20,49.0
1755,2013-04-21,42.5
1756,2013-04-22,45.0
1757,2013-04-23,44.5
1758,2013-04-24,51.5
1759,2013-04-25,52.0
1760,2013-04-26,52.5
1761,2013-04-27,53.5
1762,2013-04-28,54.5
1763,2013-04-29,51.5
1764,2013-04-30,54.0
1765,2013-05-01,52.5
1766,2013-05-02,54.0
1767,2013-05-03,51.0
1768,2013-05-04,52.5
1769,2013-05-05,49.5
1770,2013-05-06,51.5
1771,2013-05-07,57.0
1772,2013-05-08,57.0
1773,2013-05-09,59.0
1774,2013-05-10,63.5
1775,2013-05-11,62.0
1776,2013-05-12,56.0
1777,2013-05-13,48.0
1778,2013-05-14,48.5
1779,2013-05-15,55.0
1780,2013-05-16,65.0
1781,2013-05-17,60.0
1782,2013-05-18,57.5
1783,2013-05-19,55.0
1784,2013-05-20,64.5
1785,2013-05-21,70.0
1786,2013-05-22,68.5
1787,2013-05-23,67.5
1788,2013-05-24,54.0
1789,2013-05-25,49.0
1790,2013-05-26,54.0
1791,2013-05-27,57.5
1792,2013-05-28,57.5
1793,2013-05-29,67.5
1794,2013-05-30,74.5
1795,2013-05-31,75.0
1796,2013-06-01,73.0
1797,2013-06-02,73.0
1798,2013-06-03,67.5
1799,2013-06-04,61.5
1800,2013-06-05,61.0
1801,2013-06-06,59.5
1802,2013-06-07,60.5
1803,2013-06-08,65.0
1804,2013-06-09,67.5
1805,2013-06-10,65.5
1806,2013-06-11,70.0
1807,2013-06-12,66.0
1808,2013-06-13,61.5
1809,2013-06-14,62.0
1810,2013-06-15,66.0
1811,2013-06-16,66.0
1812,2013-06-17,71.0
1813,2013-06-18,69.0
1814,2013-06-19,65.0
1815,2013-06-20,64.0
1816,2013-06-21,67.5
1817,2013-06-22,67.5
1818,2013-06-23,73.0
1819,2013-06-24,78.0
1820,2013-06-25,76.0
1821,2013-06-26,75.5
1822,2013-06-27,73.5
1823,2013-06-28,74.0
1824,2013-06-29,72.0
1825,2013-06-30,72.0
1826,2013-07-01,73.0
1827,2013-07-02,74.0
1828,2013-07-03,74.5
1829,2013-07-04,78.5
1830,2013-07-05,78.0
1831,2013-07-06,79.5
1832,2013-07-07,79.0
1833,2013-07-08,77.0
1834,2013-07-09,76.5
1835,2013-07-10,77.0
1836,2013-07-11,75.5
1837,2013-07-12,72.0
1838,2013-07-13,74.0
1839,2013-07-14,77.0
1840,2013-07-15,80.5
1841,2013-07-16,80.0
1842,2013-07-17,81.0
1843,2013-07-18,83.5
1844,2013-07-19,84.0
1845,2013-07-20,81.5
1846,2013-07-21,77.5
1847,2013-07-22,76.5
1848,2013-07-23,78.0
1849,2013-07-24,73.5
1850,2013-07-25,63.5
1851,2013-07-26,72.0
1852,2013-07-27,71.0
1853,2013-07-28,70.0
1854,2013-07-29,73.5
1855,2013-07-30,70.0
1856,2013-07-31,70.5
1857,2013-08-01,69.5
1858,2013-08-02,72.5
1859,2013-08-03,71.5
1860,2013-08-04,69.5
1861,2013-08-05,66.5
1862,2013-08-06,67.5
1863,2013-08-07,70.5
1864,2013-08-08,75.0
1865,2013-08-09,77.0
1866,2013-08-10,74.5
1867,2013-08-11,69.0
1868,2013-08-12,72.5
1869,2013-08-13,72.0
1870,2013-08-14,66.5
1871,2013-08-15,65.5
1872,2013-08-16,68.0
1873,2013-08-17,69.5
1874,2013-08-18,68.5
1875,2013-08-19,70.0
1876,2013-08-20,73.0
1877,2013-08-21,74.0
1878,2013-08-22,74.0
1879,2013-08-23,72.5
1880,2013-08-24,68.0
1881,2013-08-25,68.5
1882,2013-08-26,71.5
1883,2013-08-27,75.5
1884,2013-08-28,74.5
1885,2013-08-29,72.5
1886,2013-08-30,73.5
1887,2013-08-31,74.5
1888,2013-09-01,75.0
1889,2013-09-02,74.0
1890,2013-09-03,72.0
1891,2013-09-04,69.5
1892,2013-09-05,67.5
1893,2013-09-06,62.0
1894,2013-09-07,65.0
1895,2013-09-08,69.5
1896,2013-09-09,62.0
1897,2013-09-10,73.5
1898,2013-09-11,80.0
1899,2013-09-12,75.5
1900,2013-09-13,65.0
1901,2013-09-14,59.0
1902,2013-09-15,58.0
1903,2013-09-16,62.5
1904,2013-09-17,54.0
1905,2013-09-18,57.5
1906,2013-09-19,62.0
1907,2013-09-20,65.0
1908,2013-09-21,66.0
1909,2013-09-22,59.5
1910,2013-09-23,55.5
1911,2013-09-24,57.5
1912,2013-09-25,60.5
1913,2013-09-26,60.0
1914,2013-09-27,59.5
1915,2013-09-28,61.5
1916,2013-09-29,60.5
1917,2013-09-30,61.5
1918,2013-10-01,65.0
1919,2013-10-02,69.5
1920,2013-10-03,68.0
1921,2013-10-04,71.0
1922,2013-10-05,68.0
1923,2013-10-06,66.0
1924,2013-10-07,66.0
1925,2013-10-08,59.5
1926,2013-10-09,57.0
1927,2013-10-10,56.0
1928,2013-10-11,62.0
1929,2013-10-12,63.0
1930,2013-10-13,59.0
1931,2013-10-14,57.5
1932,2013-10-15,59.5
1933,2013-10-16,59.0
1934,2013-10-17,64.0
1935,2013-10-18,59.0
1936,2013-10-19,55.5
1937,2013-10-20,54.5
1938,2013-10-21,55.5
1939,2013-10-22,56.5
1940,2013-10-23,49.0
1941,2013-10-24,46.0
1942,2013-10-25,45.5
1943,2013-10-26,45.5
1944,2013-10-27,49.5
1945,2013-10-28,50.0
1946,2013-10-29,48.0
1947,2013-10-30,51.5
1948,2013-10-31,56.5
1949,2013-11-01,62.5
1950,2013-11-02,57.0
1951,2013-11-03,43.0
1952,2013-11-04,38.0
1953,2013-11-05,46.5
1954,2013-11-06,52.5
1955,2013-11-07,51.5
1956,2013-11-08,44.0
1957,2013-11-09,42.0
1958,2013-11-10,49.0
1959,2013-11-11,45.5
1960,2013-11-12,39.0
1961,2013-11-13,32.5
1962,2013-11-14,41.0
1963,2013-11-15,45.5
1964,2013-11-16,50.0
1965,2013-11-17,53.0
1966,2013-11-18,55.5
1967,2013-11-19,41.0
1968,2013-11-20,36.5
1969,2013-11-21,41.5
1970,2013-11-22,49.5
1971,2013-11-23,41.0
1972,2013-11-24,26.5
1973,2013-11-25,27.5
1974,2013-11-26,38.0
1975,2013-11-27,46.0
1976,2013-11-28,31.5
1977,2013-11-29,33.5
1978,2013-11-30,31.0
1979,2013-12-01,39.5
1980,2013-12-02,41.5
1981,2013-12-03,43.5
1982,2013-12-04,42.5
1983,2013-12-05,51.5
1984,2013-12-06,49.0
1985,2013-12-07,36.0
1986,2013-12-08,30.5
1987,2013-12-09,35.5
1988,2013-12-10,31.0
1989,2013-12-11,28.5
1990,2013-12-12,23.5
1991,2013-12-13,27.0
1992,2013-12-14,29.5
1993,2013-12-15,33.5
1994,2013-12-16,26.0
1995,2013-12-17,26.0
1996,2013-12-18,29.0
1997,2013-12-19,34.0
1998,2013-12-20,41.5
1999,2013-12-21,50.0
2000,2013-12-22,58.5
2001,2013-12-23,49.5
2002,2013-12-24,34.0
2003,2013-12-25,23.5
2004,2013-12-26,30.5
2005,2013-12-27,33.0
2006,2013-12-28,40.0
2007,2013-12-29,41.5
2008,2013-12-30,34.0
2009,2013-12-31,28.5
2010,2014-01-01,27.0
2011,2014-01-02,25.0
2012,2014-01-03,13.5
2013,2014-01-04,16.5
2014,2014-01-05,32.5
2015,2014-01-06,36.0
2016,2014-01-07,9.5
2017,2014-01-08,15.0
2018,2014-01-09,25.0
2019,2014-01-10,32.5
2020,2014-01-11,46.5
2021,2014-01-12,41.5
2022,2014-01-13,40.0
2023,2014-01-14,43.5
2024,2014-01-15,38.5
2025,2014-01-16,36.0
2026,2014-01-17,36.5
2027,2014-01-18,32.0
2028,2014-01-19,29.5
2029,2014-01-20,37.0
2030,2014-01-21,21.0
2031,2014-01-22,11.5
2032,2014-01-23,12.5
2033,2014-01-24,12.5
2034,2014-01-25,22.0
2035,2014-01-26,21.0
2036,2014-01-27,30.0
2037,2014-01-28,15.5
2038,2014-01-29,17.0
2039,2014-01-30,19.0
2040,2014-01-31,30.0
2041,2014-02-01,35.0
2042,2014-02-02,39.0
2043,2014-02-03,33.0
2044,2014-02-04,27.5
2045,2014-02-05,31.0
2046,2014-02-06,23.5
2047,2014-02-07,25.5
2048,2014-02-08,22.5
2049,2014-02-09,22.5
2050,2014-02-10,22.5
2051,2014-02-11,18.5
2052,2014-02-12,17.5
2053,2014-02-13,29.5
2054,2014-02-14,34.5
2055,2014-02-15,30.5
2056,2014-02-16,23.5
2057,2014-02-17,23.0
2058,2014-02-18,31.5
2059,2014-02-19,32.5
2060,2014-02-20,38.5
2061,2014-02-21,41.5
2062,2014-02-22,41.5
2063,2014-02-23,42.0
2064,2014-02-24,32.0
2065,2014-02-25,26.5
2066,2014-02-26,22.5
2067,2014-02-27,20.5
2068,2014-02-28,13.0
2069,2014-03-01,23.5
2070,2014-03-02,32.0
2071,2014-03-03,23.0
2072,2014-03-04,19.0
2073,2014-03-05,26.5
2074,2014-03-06,19.5
2075,2014-03-07,27.0
2076,2014-03-08,38.5
2077,2014-03-09,35.5
2078,2014-03-10,39.0
2079,2014-03-11,46.0
2080,2014-03-12,42.0
2081,2014-03-13,22.5
2082,2014-03-14,31.0
2083,2014-03-15,46.0
2084,2014-03-16,32.0
2085,2014-03-17,27.5
2086,2014-03-18,32.5
2087,2014-03-19,36.0
2088,2014-03-20,43.0
2089,2014-03-21,40.0
2090,2014-03-22,46.0
2091,2014-03-23,36.0
2092,2014-03-24,41.0
2093,2014-03-25,42.0
2094,2014-03-26,41.5
2095,2014-03-27,31.5
2096,2014-03-28,42.5
2097,2014-03-29,45.0
2098,2014-03-30,42.0
2099,2014-03-31,43.0
2100,2014-04-01,44.5
2101,2014-04-02,46.0
2102,2014-04-03,49.5
2103,2014-04-04,42.0
2104,2014-04-05,44.0
2105,2014-04-06,43.0
2106,2014-04-07,43.0
2107,2014-04-08,53.0
2108,2014-04-09,48.5
2109,2014-04-10,46.5
2110,2014-04-11,57.0
2111,2014-04-12,55.5
2112,2014-04-13,57.0
2113,2014-04-14,61.0
2114,2014-04-15,47.0
2115,2014-04-16,37.0
2116,2014-04-17,39.5
2117,2014-04-18,40.5
2118,2014-04-19,49.0
2119,2014-04-20,47.0
2120,2014-04-21,47.5
2121,2014-04-22,54.0
2122,2014-04-23,48.5
2123,2014-04-24,48.0
2124,2014-04-25,48.0
2125,2014-04-26,53.5
2126,2014-04-27,48.5
2127,2014-04-28,50.0
2128,2014-04-29,45.5
2129,2014-04-30,47.0
2130,2014-05-01,61.5
2131,2014-05-02,56.5
2132,2014-05-03,55.0
2133,2014-05-04,53.5
2134,2014-05-05,53.5
2135,2014-05-06,53.0
2136,2014-05-07,53.5
2137,2014-05-08,54.5
2138,2014-05-09,55.0
2139,2014-05-10,65.5
2140,2014-05-11,65.0
2141,2014-05-12,66.0
2142,2014-05-13,58.5
2143,2014-05-14,56.5
2144,2014-05-15,63.0
2145,2014-05-16,64.0
2146,2014-05-17,56.5
2147,2014-05-18,55.5
2148,2014-05-19,55.5
2149,2014-05-20,60.5
2150,2014-05-21,64.0
2151,2014-05-22,59.0
2152,2014-05-23,60.0
2153,2014-05-24,59.0
2154,2014-05-25,63.0
2155,2014-05-26,68.5
2156,2014-05-27,72.0
2157,2014-05-28,57.0
2158,2014-05-29,54.5
2159,2014-05-30,61.5
2160,2014-05-31,60.5
2161,2014-06-01,61.0
2162,2014-06-02,62.5
2163,2014-06-03,70.0
2164,2014-06-04,68.5
2165,2014-06-05,66.0
2166,2014-06-06,63.5
2167,2014-06-07,65.5
2168,2014-06-08,68.5
2169,2014-06-09,65.0
2170,2014-06-10,69.0
2171,2014-06-11,64.0
2172,2014-06-12,64.5
2173,2014-06-13,70.0
2174,2014-06-14,64.5
2175,2014-06-15,65.5
2176,2014-06-16,66.0
2177,2014-06-17,73.0
2178,2014-06-18,77.0
2179,2014-06-19,68.5
2180,2014-06-20,66.5
2181,2014-06-21,65.5
2182,2014-06-22,65.5
2183,2014-06-23,67.0
2184,2014-06-24,69.0
2185,2014-06-25,73.0
2186,2014-06-26,75.0
2187,2014-06-27,71.0
2188,2014-06-28,70.5
2189,2014-06-29,69.0
2190,2014-06-30,72.0
2191,2014-07-01,75.5
2192,2014-07-02,77.5
2193,2014-07-03,77.0
2194,2014-07-04,67.0
2195,2014-07-05,68.0
2196,2014-07-06,70.0
2197,2014-07-07,76.0
2198,2014-07-08,78.5
2199,2014-07-09,74.5
2200,2014-07-10,73.5
2201,2014-07-11,73.0
2202,2014-07-12,71.0
2203,2014-07-13,73.5
2204,2014-07-14,76.5
2205,2014-07-15,75.0
2206,2014-07-16,73.0
2207,2014-07-17,70.0
2208,2014-07-18,69.5
2209,2014-07-19,69.0
2210,2014-07-20,69.5
2211,2014-07-21,70.5
2212,2014-07-22,70.0
2213,2014-07-23,77.0
2214,2014-07-24,72.0
2215,2014-07-25,70.5
2216,2014-07-26,71.0
2217,2014-07-27,75.0
2218,2014-07-28,72.0
2219,2014-07-29,66.5
2220,2014-07-30,67.0
2221,2014-07-31,70.5
2222,2014-08-01,72.5
2223,2014-08-02,68.0
2224,2014-08-03,69.0
2225,2014-08-04,73.0
2226,2014-08-05,75.0
2227,2014-08-06,72.5
2228,2014-08-07,70.0
2229,2014-08-08,70.0
2230,2014-08-09,72.5
2231,2014-08-10,74.5
2232,2014-08-11,73.0
2233,2014-08-12,72.5
2234,2014-08-13,73.5
2235,2014-08-14,68.0
2236,2014-08-15,64.5
2237,2014-08-16,67.0
2238,2014-08-17,71.0
2239,2014-08-18,68.0
2240,2014-08-19,70.0
2241,2014-08-20,72.5
2242,2014-08-21,71.5
2243,2014-08-22,70.0
2244,2014-08-23,67.5
2245,2014-08-24,69.0
2246,2014-08-25,72.0
2247,2014-08-26,73.0
2248,2014-08-27,74.5
2249,2014-08-28,71.0
2250,2014-08-29,68.0
2251,2014-08-30,67.5
2252,2014-08-31,76.5
2253,2014-09-01,77.0
2254,2014-09-02,79.0
2255,2014-09-03,74.5
2256,2014-09-04,72.5
2257,2014-09-05,73.5
2258,2014-09-06,78.5
2259,2014-09-07,70.0
2260,2014-09-08,67.5
2261,2014-09-09,67.0
2262,2014-09-10,68.0
2263,2014-09-11,71.5
2264,2014-09-12,65.5
2265,2014-09-13,70.5
2266,2014-09-14,60.0
2267,2014-09-15,59.5
2268,2014-09-16,62.0
2269,2014-09-17,61.5
2270,2014-09-18,63.0
2271,2014-09-19,59.0
2272,2014-09-20,64.5
2273,2014-09-21,70.5
2274,2014-09-22,61.0
2275,2014-09-23,58.0
2276,2014-09-24,61.5
2277,2014-09-25,59.5
2278,2014-09-26,64.5
2279,2014-09-27,68.5
2280,2014-09-28,68.5
2281,2014-09-29,69.5
2282,2014-09-30,66.0
2283,2014-10-01,62.0
2284,2014-10-02,61.5
2285,2014-10-03,62.0
2286,2014-10-04,58.5
2287,2014-10-05,51.0
2288,2014-10-06,56.5
2289,2014-10-07,65.5
2290,2014-10-08,64.0
2291,2014-10-09,60.5
2292,2014-10-10,55.5
2293,2014-10-11,51.0
2294,2014-10-12,53.5
2295,2014-10-13,57.0
2296,2014-10-14,68.0
2297,2014-10-15,70.5
2298,2014-10-16,63.5
2299,2014-10-17,63.5
2300,2014-10-18,59.5
2301,2014-10-19,47.0
2302,2014-10-20,48.0
2303,2014-10-21,59.0
2304,2014-10-22,53.0
2305,2014-10-23,51.5
2306,2014-10-24,54.5
2307,2014-10-25,55.5
2308,2014-10-26,54.5
2309,2014-10-27,53.5
2310,2014-10-28,59.0
2311,2014-10-29,60.0
2312,2014-10-30,51.0
2313,2014-10-31,47.5
2314,2014-11-01,45.0
2315,2014-11-02,42.0
2316,2014-11-03,47.5
2317,2014-11-04,56.0
2318,2014-11-05,58.0
2319,2014-11-06,50.0
2320,2014-11-07,44.5
2321,2014-11-08,40.5
2322,2014-11-09,49.0
2323,2014-11-10,49.5
2324,2014-11-11,54.5
2325,2014-11-12,54.0
2326,2014-11-13,42.0
2327,2014-11-14,36.5
2328,2014-11-15,35.5
2329,2014-11-16,37.5
2330,2014-11-17,44.5
2331,2014-11-18,32.5
2332,2014-11-19,27.0
2333,2014-11-20,36.5
2334,2014-11-21,30.5
2335,2014-11-22,33.0
2336,2014-11-23,45.0
2337,2014-11-24,58.5
2338,2014-11-25,54.5
2339,2014-11-26,40.5
2340,2014-11-27,33.5
2341,2014-11-28,30.0
2342,2014-11-29,28.5
2343,2014-11-30,45.0
2344,2014-12-01,51.0
2345,2014-12-02,38.5
2346,2014-12-03,41.5
2347,2014-12-04,39.0
2348,2014-12-05,38.0
2349,2014-12-06,44.0
2350,2014-12-07,35.5
2351,2014-12-08,30.0
2352,2014-12-09,38.5
2353,2014-12-10,36.0
2354,2014-12-11,33.0
2355,2014-12-12,32.5
2356,2014-12-13,35.5
2357,2014-12-14,39.0
2358,2014-12-15,39.0
2359,2014-12-16,41.0
2360,2014-12-17,45.0
2361,2014-12-18,37.5
2362,2014-12-19,33.5
2363,2014-12-20,31.0
2364,2014-12-21,33.0
2365,2014-12-22,37.0
2366,2014-12-23,44.0
2367,2014-12-24,50.0
2368,2014-12-25,49.5
2369,2014-12-26,42.0
2370,2014-12-27,44.5
2371,2014-12-28,47.0
2372,2014-12-29,37.5
2373,2014-12-30,30.0
2374,2014-12-31,28.5
2375,2015-01-01,30.5
2376,2015-01-02,36.5
2377,2015-01-03,36.5
2378,2015-01-04,47.5
2379,2015-01-05,33.0
2380,2015-01-06,20.5
2381,2015-01-07,15.0
2382,2015-01-08,13.0
2383,2015-01-09,24.5
2384,2015-01-10,17.5
2385,2015-01-11,23.5
2386,2015-01-12,34.0
2387,2015-01-13,26.5
2388,2015-01-14,24.0
2389,2015-01-15,28.5
2390,2015-01-16,32.0
2391,2015-01-17,23.0
2392,2015-01-18,34.0
2393,2015-01-19,37.0
2394,2015-01-20,35.0
2395,2015-01-21,29.0
2396,2015-01-22,33.5
2397,2015-01-23,32.0
2398,2015-01-24,34.0
2399,2015-01-25,34.0
2400,2015-01-26,25.0
2401,2015-01-27,25.0
2402,2015-01-28,23.5
2403,2015-01-29,24.0
2404,2015-01-30,26.5
2405,2015-01-31,17.5
2406,2015-02-01,26.0
2407,2015-02-02,24.5
2408,2015-02-03,16.5
2409,2015-02-04,26.0
2410,2015-02-05,23.0
2411,2015-02-06,15.5
2412,2015-02-07,26.5
2413,2015-02-08,32.5
2414,2015-02-09,24.5
2415,2015-02-10,29.0
2416,2015-02-11,24.0
2417,2015-02-12,26.5
2418,2015-02-13,12.0
2419,2015-02-14,18.5
2420,2015-02-15,13.5
2421,2015-02-16,10.5
2422,2015-02-17,19.0
2423,2015-02-18,19.5
2424,2015-02-19,14.5
2425,2015-02-20,9.0
2426,2015-02-21,17.0
2427,2015-02-22,32.5
2428,2015-02-23,18.0
2429,2015-02-24,9.5
2430,2015-02-25,23.0
2431,2015-02-26,22.5
2432,2015-02-27,20.0
2433,2015-02-28,16.5
2434,2015-03-01,21.0
2435,2015-03-02,29.5
2436,2015-03-03,25.5
2437,2015-03-04,36.5
2438,2015-03-05,28.0
2439,2015-03-06,15.0
2440,2015-03-07,22.5
2441,2015-03-08,35.0
2442,2015-03-09,36.5
2443,2015-03-10,38.5
2444,2015-03-11,42.5
2445,2015-03-12,41.5
2446,2015-03-13,39.0
2447,2015-03-14,40.0
2448,2015-03-15,40.5
2449,2015-03-16,40.5
2450,2015-03-17,40.5
2451,2015-03-18,42.0
2452,2015-03-19,34.0
2453,2015-03-20,33.0
2454,2015-03-21,38.0
2455,2015-03-22,32.5
2456,2015-03-23,29.0
2457,2015-03-24,33.0
2458,2015-03-25,38.0
2459,2015-03-26,45.5
2460,2015-03-27,41.0
2461,2015-03-28,31.5
2462,2015-03-29,34.5
2463,2015-03-30,41.0
2464,2015-03-31,39.5
2465,2015-04-01,39.0
2466,2015-04-02,46.5
2467,2015-04-03,55.0
2468,2015-04-04,48.0
2469,2015-04-05,45.0
2470,2015-04-06,48.5
2471,2015-04-07,47.0
2472,2015-04-08,41.0
2473,2015-04-09,39.5
2474,2015-04-10,47.5
2475,2015-04-11,47.5
2476,2015-04-12,49.0
2477,2015-04-13,50.5
2478,2015-04-14,52.5
2479,2015-04-15,50.5
2480,2015-04-16,49.0
2481,2015-04-17,57.5
2482,2015-04-18,60.0
2483,2015-04-19,50.5
2484,2015-04-20,52.0
2485,2015-04-21,54.5
2486,2015-04-22,53.5
2487,2015-04-23,43.5
2488,2015-04-24,42.0
2489,2015-04-25,45.0
2490,2015-04-26,48.0
2491,2015-04-27,48.5
2492,2015-04-28,55.0
2493,2015-04-29,59.0
2494,2015-04-30,53.0
2495,2015-05-01,50.5
2496,2015-05-02,52.5
2497,2015-05-03,58.0
2498,2015-05-04,63.0
2499,2015-05-05,66.5
2500,2015-05-06,58.5
2501,2015-05-07,60.5
2502,2015-05-08,63.5
2503,2015-05-09,59.0
2504,2015-05-10,65.5
2505,2015-05-11,68.5
2506,2015-05-12,69.5
2507,2015-05-13,58.0
2508,2015-05-14,58.0
2509,2015-05-15,58.5
2510,2015-05-16,64.5
2511,2015-05-17,68.0
2512,2015-05-18,61.5
2513,2015-05-19,66.0
2514,2015-05-20,56.5
2515,2015-05-21,52.5
2516,2015-05-22,60.0
2517,2015-05-23,55.0
2518,2015-05-24,62.0
2519,2015-05-25,67.5
2520,2015-05-26,69.5
2521,2015-05-27,70.0
2522,2015-05-28,70.5
2523,2015-05-29,67.5
2524,2015-05-30,69.5
2525,2015-05-31,70.5
2526,2015-06-01,55.0
2527,2015-06-02,52.0
2528,2015-06-03,58.5
2529,2015-06-04,56.5
2530,2015-06-05,59.5
2531,2015-06-06,63.5
2532,2015-06-07,61.0
2533,2015-06-08,67.0
2534,2015-06-09,70.0
2535,2015-06-10,68.0
2536,2015-06-11,74.5
2537,2015-06-12,74.5
2538,2015-06-13,71.5
2539,2015-06-14,71.5
2540,2015-06-15,69.5
2541,2015-06-16,70.5
2542,2015-06-17,66.5
2543,2015-06-18,66.0
2544,2015-06-19,71.5
2545,2015-06-20,66.0
2546,2015-06-21,76.5
2547,2015-06-22,76.0
2548,2015-06-23,78.0
2549,2015-06-24,71.5
2550,2015-06-25,71.0
2551,2015-06-26,71.0
2552,2015-06-27,65.0
2553,2015-06-28,67.5
2554,2015-06-29,68.0
2555,2015-06-30,70.5
2556,2015-07-01,73.5
2557,2015-07-02,71.0
2558,2015-07-03,70.5
2559,2015-07-04,69.5
2560,2015-07-05,71.5
2561,2015-07-06,72.5
2562,2015-07-07,76.0
2563,2015-07-08,77.5
2564,2015-07-09,72.5
2565,2015-07-10,76.0
2566,2015-07-11,76.0
2567,2015-07-12,76.0
2568,2015-07-13,75.5
2569,2015-07-14,74.0
2570,2015-07-15,75.0
2571,2015-07-16,70.0
2572,2015-07-17,69.5
2573,2015-07-18,75.5
2574,2015-07-19,79.5
2575,2015-07-20,82.5
2576,2015-07-21,80.0
2577,2015-07-22,74.0
2578,2015-07-23,73.5
2579,2015-07-24,74.5
2580,2015-07-25,73.5
2581,2015-07-26,75.5
2582,2015-07-27,76.0
2583,2015-07-28,78.5
2584,2015-07-29,80.5
2585,2015-07-30,78.5
2586,2015-07-31,77.0
2587,2015-08-01,78.5
2588,2015-08-02,76.0
2589,2015-08-03,78.0
2590,2015-08-04,79.0
2591,2015-08-05,76.0
2592,2015-08-06,73.0
2593,2015-08-07,74.0
2594,2015-08-08,72.5
2595,2015-08-09,73.0
2596,2015-08-10,72.5
2597,2015-08-11,75.0
2598,2015-08-12,74.5
2599,2015-08-13,72.5
2600,2015-08-14,74.5
2601,2015-08-15,78.0
2602,2015-08-16,78.0
2603,2015-08-17,80.0
2604,2015-08-18,79.0
2605,2015-08-19,77.5
2606,2015-08-20,78.0
2607,2015-08-21,77.5
2608,2015-08-22,74.0
2609,2015-08-23,73.5
2610,2015-08-24,75.0
2611,2015-08-25,77.5
2612,2015-08-26,72.5
2613,2015-08-27,71.0
2614,2015-08-28,70.5
2615,2015-08-29,72.5
2616,2015-08-30,76.0
2617,2015-08-31,79.5
2618,2015-09-01,72.5
2619,2015-09-02,77.5
2620,2015-09-03,79.5
2621,2015-09-04,74.0
2622,2015-09-05,74.0
2623,2015-09-06,74.0
2624,2015-09-07,71.0
2625,2015-09-08,79.5
2626,2015-09-09,79.0
2627,2015-09-10,73.0
2628,2015-09-11,72.0
2629,2015-09-12,71.5
2630,2015-09-13,68.0
2631,2015-09-14,65.5
2632,2015-09-15,70.5
2633,2015-09-16,65.5
2634,2015-09-17,64.5
2635,2015-09-18,66.0
2636,2015-09-19,64.5
2637,2015-09-20,68.0
2638,2015-09-21,64.0
2639,2015-09-22,65.0
2640,2015-09-23,66.5
2641,2015-09-24,68.5
2642,2015-09-25,66.5
2643,2015-09-26,63.5
2644,2015-09-27,62.5
2645,2015-09-28,67.0
2646,2015-09-29,72.0
2647,2015-09-30,68.5
2648,2015-10-01,59.0
2649,2015-10-02,53.0
2650,2015-10-03,51.5
2651,2015-10-04,56.0
2652,2015-10-05,57.0
2653,2015-10-06,61.0
2654,2015-10-07,63.5
2655,2015-10-08,63.0
2656,2015-10-09,66.5
2657,2015-10-10,57.0
2658,2015-10-11,57.5
2659,2015-10-12,63.0
2660,2015-10-13,64.0
2661,2015-10-14,60.0
2662,2015-10-15,56.5
2663,2015-10-16,57.0
2664,2015-10-17,47.5
2665,2015-10-18,42.0
2666,2015-10-19,42.5
2667,2015-10-20,56.0
2668,2015-10-21,62.0
2669,2015-10-22,63.0
2670,2015-10-23,54.5
2671,2015-10-24,55.0
2672,2015-10-25,57.0
2673,2015-10-26,51.0
2674,2015-10-27,51.5
2675,2015-10-28,59.0
2676,2015-10-29,61.5
2677,2015-10-30,52.0
2678,2015-10-31,47.5
2679,2015-11-01,56.5
2680,2015-11-02,58.0
2681,2015-11-03,59.5
2682,2015-11-04,60.5
2683,2015-11-05,59.5
2684,2015-11-06,64.5
2685,2015-11-07,57.5
2686,2015-11-08,50.5
2687,2015-11-09,50.5
2688,2015-11-10,55.0
2689,2015-11-11,54.5
2690,2015-11-12,54.0
2691,2015-11-13,51.0
2692,2015-11-14,44.5
2693,2015-11-15,47.0
2694,2015-11-16,56.0
2695,2015-11-17,45.5
2696,2015-11-18,50.5
2697,2015-11-19,58.0
2698,2015-11-20,53.5
2699,2015-11-21,45.5
2700,2015-11-22,49.0
2701,2015-11-23,38.0
2702,2015-11-24,39.5
2703,2015-11-25,41.5
2704,2015-11-26,48.5
2705,2015-11-27,54.0
2706,2015-11-28,52.0
2707,2015-11-29,42.0
2708,2015-11-30,39.0
2709,2015-12-01,47.0
2710,2015-12-02,51.0
2711,2015-12-03,47.5
2712,2015-12-04,45.0
2713,2015-12-05,44.0
2714,2015-12-06,44.5
2715,2015-12-07,45.0
2716,2015-12-08,43.5
2717,2015-12-09,45.5
2718,2015-12-10,51.5
2719,2015-12-11,52.0
2720,2015-12-12,54.5
2721,2015-12-13,56.5
2722,2015-12-14,56.5
2723,2015-12-15,56.0
2724,2015-12-16,47.0
2725,2015-12-17,48.5
2726,2015-12-18,35.5
2727,2015-12-19,34.5
2728,2015-12-20,34.0
2729,2015-12-21,44.5
2730,2015-12-22,55.0
2731,2015-12-23,55.5
2732,2015-12-24,62.0
2733,2015-12-25,56.0
2734,2015-12-26,51.5
2735,2015-12-27,53.0
2736,2015-12-28,37.5
2737,2015-12-29,41.5
2738,2015-12-30,42.5
2739,2015-12-31,44.0
2740,2016-01-01,37.5
2741,2016-01-02,36.0
2742,2016-01-03,35.0
2743,2016-01-04,30.0
2744,2016-01-05,20.5
2745,2016-01-06,31.5
2746,2016-01-07,36.5
2747,2016-01-08,37.0
2748,2016-01-09,43.0
2749,2016-01-10,49.5
2750,2016-01-11,32.5
2751,2016-01-12,34.0
2752,2016-01-13,26.0
2753,2016-01-14,29.5
2754,2016-01-15,40.0
2755,2016-01-16,45.0
2756,2016-01-17,34.5
2757,2016-01-18,26.5
2758,2016-01-19,22.5
2759,2016-01-20,31.5
2760,2016-01-21,31.0
2761,2016-01-22,25.5
2762,2016-01-23,28.5
2763,2016-01-24,25.5
2764,2016-01-25,25.5
2765,2016-01-26,34.5
2766,2016-01-27,36.0
2767,2016-01-28,31.5
2768,2016-01-29,34.0
2769,2016-01-30,30.5
2770,2016-01-31,39.5
2771,2016-02-01,46.5
2772,2016-02-02,40.5
2773,2016-02-03,46.5
2774,2016-02-04,48.5
2775,2016-02-05,36.0
2776,2016-02-06,32.5
2777,2016-02-07,37.0
2778,2016-02-08,33.0
2779,2016-02-09,30.0
2780,2016-02-10,33.0
2781,2016-02-11,24.5
2782,2016-02-12,20.5
2783,2016-02-13,15.5
2784,2016-02-14,8.5
2785,2016-02-15,26.5
2786,2016-02-16,43.5
2787,2016-02-17,36.0
2788,2016-02-18,30.0
2789,2016-02-19,30.0
2790,2016-02-20,46.0
2791,2016-02-21,45.5
2792,2016-02-22,41.0
2793,2016-02-23,37.0
2794,2016-02-24,47.0
2795,2016-02-25,47.5
2796,2016-02-26,32.5
2797,2016-02-27,33.5
2798,2016-02-28,44.5
2799,2016-02-29,49.0
2800,2016-03-01,41.5
2801,2016-03-02,42.0
2802,2016-03-03,30.5
2803,2016-03-04,33.0
2804,2016-03-05,33.5
2805,2016-03-06,36.5
2806,2016-03-07,43.5
2807,2016-03-08,51.5
2808,2016-03-09,56.0
2809,2016-03-10,61.5
2810,2016-03-11,52.0
2811,2016-03-12,47.5
2812,2016-03-13,51.0
2813,2016-03-14,44.5
2814,2016-03-15,48.5
2815,2016-03-16,51.5
2816,2016-03-17,50.5
2817,2016-03-18,47.5
2818,2016-03-19,40.0
2819,2016-03-20,36.0
2820,2016-03-21,39.5
2821,2016-03-22,41.5
2822,2016-03-23,53.5
2823,2016-03-24,47.0
2824,2016-03-25,54.5
2825,2016-03-26,43.5
2826,2016-03-27,44.0
2827,2016-03-28,48.0
2828,2016-03-29,44.0
2829,2016-03-30,43.0
2830,2016-03-31,54.0
2831,2016-04-01,62.5
2832,2016-04-02,50.5
2833,2016-04-03,39.5
2834,2016-04-04,36.0
2835,2016-04-05,31.5
2836,2016-04-06,37.0
2837,2016-04-07,49.0
2838,2016-04-08,43.0
2839,2016-04-09,39.0
2840,2016-04-10,38.0
2841,2016-04-11,49.0
2842,2016-04-12,52.5
2843,2016-04-13,50.5
2844,2016-04-14,52.5
2845,2016-04-15,50.5
2846,2016-04-16,51.0
2847,2016-04-17,53.5
2848,2016-04-18,51.5
2849,2016-04-19,52.5
2850,2016-04-20,51.0
2851,2016-04-21,56.0
2852,2016-04-22,64.5
2853,2016-04-23,57.5
2854,2016-04-24,52.5
2855,2016-04-25,56.0
2856,2016-04-26,54.0
2857,2016-04-27,51.5
2858,2016-04-28,50.0
2859,2016-04-29,50.5
2860,2016-04-30,51.5
2861,2016-05-01,46.0
2862,2016-05-02,51.0
2863,2016-05-03,51.0
2864,2016-05-04,49.0
2865,2016-05-05,49.5
2866,2016-05-06,49.5
2867,2016-05-07,52.5
2868,2016-05-08,55.0
2869,2016-05-09,57.0
2870,2016-05-10,53.0
2871,2016-05-11,58.0
2872,2016-05-12,61.0
2873,2016-05-13,56.5
2874,2016-05-14,60.0
2875,2016-05-15,49.0
2876,2016-05-16,50.5
2877,2016-05-17,56.0
2878,2016-05-18,51.5
2879,2016-05-19,58.5
2880,2016-05-20,60.5
2881,2016-05-21,62.0
2882,2016-05-22,59.0
2883,2016-05-23,60.5
2884,2016-05-24,61.5
2885,2016-05-25,68.5
2886,2016-05-26,67.5
2887,2016-05-27,72.0
2888,2016-05-28,75.5
2889,2016-05-29,72.0
2890,2016-05-30,70.5
2891,2016-05-31,68.0
2892,2016-06-01,69.0
2893,2016-06-02,65.0
2894,2016-06-03,64.5
2895,2016-06-04,69.0
2896,2016-06-05,67.5
2897,2016-06-06,70.5
2898,2016-06-07,70.5
2899,2016-06-08,59.5
2900,2016-06-09,60.5
2901,2016-06-10,60.5
2902,2016-06-11,66.5
2903,2016-06-12,68.0
2904,2016-06-13,62.5
2905,2016-06-14,64.5
2906,2016-06-15,63.0
2907,2016-06-16,66.5
2908,2016-06-17,65.5
2909,2016-06-18,67.5
2910,2016-06-19,70.5
2911,2016-06-20,69.5
2912,2016-06-21,73.0
2913,2016-06-22,70.5
2914,2016-06-23,71.0
2915,2016-06-24,70.5
2916,2016-06-25,70.5
2917,2016-06-26,71.0
2918,2016-06-27,70.5
2919,2016-06-28,71.0
2920,2016-06-29,72.0
2921,2016-06-30,72.0
2922,2016-07-01,72.0
2923,2016-07-02,69.5
2924,2016-07-03,70.5
2925,2016-07-04,70.5
2926,2016-07-05,76.0
2927,2016-07-06,78.5
2928,2016-07-07,79.0
2929,2016-07-08,75.0
2930,2016-07-09,67.5
2931,2016-07-10,72.0
2932,2016-07-11,70.5
2933,2016-07-12,71.5
2934,2016-07-13,74.0
2935,2016-07-14,77.0
2936,2016-07-15,80.0
2937,2016-07-16,78.5
2938,2016-07-17,78.5
2939,2016-07-18,77.5
2940,2016-07-19,77.0
2941,2016-07-20,76.5
2942,2016-07-21,76.0
2943,2016-07-22,76.0
2944,2016-07-23,75.0
2945,2016-07-24,76.0
2946,2016-07-25,72.5
2947,2016-07-26,74.0
2948,2016-07-27,74.5
2949,2016-07-28,80.0
2950,2016-07-29,76.5
2951,2016-07-30,76.5
2952,2016-07-31,75.5
2953,2016-08-01,74.0
2954,2016-08-02,71.5
2955,2016-08-03,71.0
2956,2016-08-04,71.0
2957,2016-08-05,72.5
2958,2016-08-06,77.0
2959,2016-08-07,76.5
2960,2016-08-08,75.5
2961,2016-08-09,75.0
2962,2016-08-10,78.0
2963,2016-08-11,81.0
2964,2016-08-12,82.0
2965,2016-08-13,83.0
2966,2016-08-14,83.0
2967,2016-08-15,80.5
2968,2016-08-16,80.0
2969,2016-08-17,79.5
2970,2016-08-18,77.5
2971,2016-08-19,77.5
2972,2016-08-20,77.0
2973,2016-08-21,78.0
2974,2016-08-22,71.0
2975,2016-08-23,71.0
2976,2016-08-24,74.0
2977,2016-08-25,72.5
2978,2016-08-26,80.5
2979,2016-08-27,77.0
2980,2016-08-28,76.0
2981,2016-08-29,78.0
2982,2016-08-30,75.0
2983,2016-08-31,72.0
2984,2016-09-01,73.5
2985,2016-09-02,71.5
2986,2016-09-03,69.0
2987,2016-09-04,69.5
2988,2016-09-05,71.5
2989,2016-09-06,74.5
2990,2016-09-07,75.5
2991,2016-09-08,76.0
2992,2016-09-09,80.0
2993,2016-09-10,79.5
2994,2016-09-11,73.5
2995,2016-09-12,67.5
2996,2016-09-13,69.0
2997,2016-09-14,75.5
2998,2016-09-15,65.5
2999,2016-09-16,64.5
3000,2016-09-17,65.5
3001,2016-09-18,73.5
3002,2016-09-19,69.5
3003,2016-09-20,73.0
3004,2016-09-21,73.5
3005,2016-09-22,73.0
3006,2016-09-23,72.5
3007,2016-09-24,64.0
3008,2016-09-25,60.5
3009,2016-09-26,62.5
3010,2016-09-27,66.5
3011,2016-09-28,63.0
3012,2016-09-29,61.5
3013,2016-09-30,59.5
3014,2016-10-01,60.0
3015,2016-10-02,59.5
3016,2016-10-03,64.0
3017,2016-10-04,62.5
3018,2016-10-05,59.5
3019,2016-10-06,62.0
3020,2016-10-07,63.0
3021,2016-10-08,62.5
3022,2016-10-09,58.5
3023,2016-10-10,54.5
3024,2016-10-11,54.0
3025,2016-10-12,57.5
3026,2016-10-13,58.5
3027,2016-10-14,54.0
3028,2016-10-15,55.0
3029,2016-10-16,59.0
3030,2016-10-17,68.0
3031,2016-10-18,70.5
3032,2016-10-19,71.0
3033,2016-10-20,65.0
3034,2016-10-21,66.5
3035,2016-10-22,51.5
3036,2016-10-23,52.0
3037,2016-10-24,53.0
3038,2016-10-25,47.0
3039,2016-10-26,44.0
3040,2016-10-27,48.0
3041,2016-10-28,45.0
3042,2016-10-29,50.0
3043,2016-10-30,62.0
3044,2016-10-31,48.5
3045,2016-11-01,50.0
3046,2016-11-02,58.5
3047,2016-11-03,62.0
3048,2016-11-04,53.5
3049,2016-11-05,52.0
3050,2016-11-06,50.5
3051,2016-11-07,46.0
3052,2016-11-08,53.0
3053,2016-11-09,52.0
3054,2016-11-10,47.0
3055,2016-11-11,50.0
3056,2016-11-12,41.5
3057,2016-11-13,48.5
3058,2016-11-14,50.5
3059,2016-11-15,49.0
3060,2016-11-16,52.0
3061,2016-11-17,53.5
3062,2016-11-18,52.0
3063,2016-11-19,53.0
3064,2016-11-20,39.0
3065,2016-11-21,37.5
3066,2016-11-22,38.0
3067,2016-11-23,38.0
3068,2016-11-24,43.0
3069,2016-11-25,45.0
3070,2016-11-26,45.0
3071,2016-11-27,43.0
3072,2016-11-28,43.5
3073,2016-11-29,52.5
3074,2016-11-30,53.0
3075,2016-12-01,47.5
3076,2016-12-02,44.5
3077,2016-12-03,42.5
3078,2016-12-04,40.5
3079,2016-12-05,43.0
3080,2016-12-06,41.0
3081,2016-12-07,42.0
3082,2016-12-08,38.5
3083,2016-12-09,34.5
3084,2016-12-10,32.0
3085,2016-12-11,31.5
3086,2016-12-12,40.5
3087,2016-12-13,37.0
3088,2016-12-14,37.0
3089,2016-12-15,27.0
3090,2016-12-16,22.0
3091,2016-12-17,31.5
3092,2016-12-18,42.5
3093,2016-12-19,27.5
3094,2016-12-20,25.5
3095,2016-12-21,33.5
3096,2016-12-22,39.5
3097,2016-12-23,39.5
3098,2016-12-24,41.0
3099,2016-12-25,42.0
3100,2016-12-26,39.0
3101,2016-12-27,49.5
3102,2016-12-28,36.0
3103,2016-12-29,38.5
3104,2016-12-30,35.5
3105,2016-12-31,35.5
3106,2017-01-01,41.0
3107,2017-01-02,38.5
3108,2017-01-03,41.0
3109,2017-01-04,41.5
3110,2017-01-05,30.0
3111,2017-01-06,29.5
3112,2017-01-07,23.5
3113,2017-01-08,19.5
3114,2017-01-09,17.0
3115,2017-01-10,29.0
3116,2017-01-11,43.5
3117,2017-01-12,52.0
3118,2017-01-13,43.0
3119,2017-01-14,29.5
3120,2017-01-15,33.0
3121,2017-01-16,33.0
3122,2017-01-17,37.5
3123,2017-01-18,38.0
3124,2017-01-19,41.0
3125,2017-01-20,39.5
3126,2017-01-21,44.5
3127,2017-01-22,43.0
3128,2017-01-23,40.0
3129,2017-01-24,38.0
3130,2017-01-25,39.5
3131,2017-01-26,44.5
3132,2017-01-27,37.5
3133,2017-01-28,35.0
3134,2017-01-29,36.5
3135,2017-01-30,32.0
3136,2017-01-31,28.5
3137,2017-02-01,38.0
3138,2017-02-02,36.0
3139,2017-02-03,29.0
3140,2017-02-04,27.5
3141,2017-02-05,35.0
3142,2017-02-06,38.0
3143,2017-02-07,37.5
3144,2017-02-08,47.0
3145,2017-02-09,28.5
3146,2017-02-10,23.5
3147,2017-02-11,34.5
3148,2017-02-12,33.0
3149,2017-02-13,32.0
3150,2017-02-14,32.0
3151,2017-02-15,37.5
3152,2017-02-16,31.5
3153,2017-02-17,32.5
3154,2017-02-18,42.5
3155,2017-02-19,51.0
3156,2017-02-20,43.5
3157,2017-02-21,39.0
3158,2017-02-22,44.5
3159,2017-02-23,49.0
3160,2017-02-24,55.5
3161,2017-02-25,53.0
3162,2017-02-26,38.0
3163,2017-02-27,41.0
3164,2017-02-28,47.0
3165,2017-03-01,56.5
3166,2017-03-02,45.5
3167,2017-03-03,31.0
3168,2017-03-04,24.0
3169,2017-03-05,24.5
3170,2017-03-06,33.0
3171,2017-03-07,43.5
3172,2017-03-08,49.0
3173,2017-03-09,49.5
3174,2017-03-10,33.0
3175,2017-03-11,21.5
3176,2017-03-12,22.5
3177,2017-03-13,24.5
3178,2017-03-14,28.0
3179,2017-03-15,22.0
3180,2017-03-16,28.0
3181,2017-03-17,32.0
3182,2017-03-18,34.5
3183,2017-03-19,36.5
3184,2017-03-20,39.5
3185,2017-03-21,43.0
3186,2017-03-22,32.0
3187,2017-03-23,31.0
3188,2017-03-24,40.0
3189,2017-03-25,46.0
3190,2017-03-26,39.0
3191,2017-03-27,44.5
3192,2017-03-28,43.5
3193,2017-03-29,47.0
3194,2017-03-30,42.5
3195,2017-03-31,39.5
3196,2017-04-01,40.5
3197,2017-04-02,46.0
3198,2017-04-03,48.5
3199,2017-04-04,48.0
3200,2017-04-05,47.5
3201,2017-04-06,45.0
3202,2017-04-07,42.0
3203,2017-04-08,43.5
3204,2017-04-09,48.5
3205,2017-04-10,55.5
3206,2017-04-11,60.5
3207,2017-04-12,59.5
3208,2017-04-13,52.0
3209,2017-04-14,52.0
3210,2017-04-15,52.5
3211,2017-04-16,65.0
3212,2017-04-17,60.0
3213,2017-04-18,53.5
3214,2017-04-19,47.5
3215,2017-04-20,55.5
3216,2017-04-21,51.5
3217,2017-04-22,51.5
3218,2017-04-23,52.5
3219,2017-04-24,50.0
3220,2017-04-25,51.5
3221,2017-04-26,56.0
3222,2017-04-27,58.5
3223,2017-04-28,63.5
3224,2017-04-29,67.5
3225,2017-04-30,55.5
3226,2017-05-01,56.5
3227,2017-05-02,62.0
3228,2017-05-03,54.5
3229,2017-05-04,52.0
3230,2017-05-05,54.0
3231,2017-05-06,56.0
3232,2017-05-07,49.0
3233,2017-05-08,48.5
3234,2017-05-09,50.5
3235,2017-05-10,52.5
3236,2017-05-11,51.5
3237,2017-05-12,52.0
3238,2017-05-13,48.0
3239,2017-05-14,54.5
3240,2017-05-15,56.0
3241,2017-05-16,61.5
3242,2017-05-17,68.0
3243,2017-05-18,75.0
3244,2017-05-19,74.0
3245,2017-05-20,56.5
3246,2017-05-21,56.5
3247,2017-05-22,57.0
3248,2017-05-23,60.0
3249,2017-05-24,61.0
3250,2017-05-25,56.5
3251,2017-05-26,62.5
3252,2017-05-27,61.5
3253,2017-05-28,61.5
3254,2017-05-29,56.5
3255,2017-05-30,56.5
3256,2017-05-31,63.5
3257,2017-06-01,65.0
3258,2017-06-02,62.5
3259,2017-06-03,62.0
3260,2017-06-04,60.5
3261,2017-06-05,63.0
3262,2017-06-06,54.0
3263,2017-06-07,57.5
3264,2017-06-08,60.0
3265,2017-06-09,64.5
3266,2017-06-10,69.5
3267,2017-06-11,74.0
3268,2017-06-12,77.0
3269,2017-06-13,79.0
3270,2017-06-14,71.5
3271,2017-06-15,66.5
3272,2017-06-16,64.0
3273,2017-06-17,67.0
3274,2017-06-18,73.5
3275,2017-06-19,75.0
3276,2017-06-20,73.5
3277,2017-06-21,72.0
3278,2017-06-22,70.5
3279,2017-06-23,75.5
3280,2017-06-24,75.5
3281,2017-06-25,71.5
3282,2017-06-26,68.0
3283,2017-06-27,67.5
3284,2017-06-28,67.0
3285,2017-06-29,70.0
3286,2017-06-30,75.5
3287,2017-07-01,74.0
3288,2017-07-02,75.0
3289,2017-07-03,74.0
3290,2017-07-04,73.0
3291,2017-07-05,72.5
3292,2017-07-06,70.5
3293,2017-07-07,71.5
3294,2017-07-08,73.5
3295,2017-07-09,71.0
3296,2017-07-10,72.5
3297,2017-07-11,75.5
3298,2017-07-12,78.0
3299,2017-07-13,79.0
3300,2017-07-14,67.5
3301,2017-07-15,74.5
3302,2017-07-16,74.0
3303,2017-07-17,75.5
3304,2017-07-18,76.0
3305,2017-07-19,81.5
3306,2017-07-20,85.5
3307,2017-07-21,85.0
3308,2017-07-22,84.0
3309,2017-07-23,77.0
3310,2017-07-24,69.0
3311,2017-07-25,67.5
3312,2017-07-26,71.5
3313,2017-07-27,71.5
3314,2017-07-28,77.0
3315,2017-07-29,72.5
3316,2017-07-30,72.5
3317,2017-07-31,78.5
3318,2017-08-01,81.5
3319,2017-08-02,79.0
3320,2017-08-03,78.5
3321,2017-08-04,79.0
3322,2017-08-05,76.5
3323,2017-08-06,72.5
3324,2017-08-07,69.5
3325,2017-08-08,72.5
3326,2017-08-09,76.5
3327,2017-08-10,77.0
3328,2017-08-11,75.5
3329,2017-08-12,74.0
3330,2017-08-13,77.5
3331,2017-08-14,76.5
3332,2017-08-15,75.0
3333,2017-08-16,78.5
3334,2017-08-17,76.5
3335,2017-08-18,80.5
3336,2017-08-19,81.0
3337,2017-08-20,77.0
3338,2017-08-21,80.5
3339,2017-08-22,82.5
3340,2017-08-23,77.5
3341,2017-08-24,74.5
3342,2017-08-25,71.5
3343,2017-08-26,71.0
3344,2017-08-27,70.5
3345,2017-08-28,70.0
3346,2017-08-29,66.0
3347,2017-08-30,70.0
3348,2017-08-31,73.5
3349,2017-09-01,63.5
3350,2017-09-02,63.0
3351,2017-09-03,66.0
3352,2017-09-04,72.0
3353,2017-09-05,77.5
3354,2017-09-06,67.5
3355,2017-09-07,67.0
3356,2017-09-08,66.0
3357,2017-09-09,64.0
3358,2017-09-10,65.5
3359,2017-09-11,68.0
3360,2017-09-12,72.0
3361,2017-09-13,73.0
3362,2017-09-14,74.5
3363,2017-09-15,75.5
3364,2017-09-16,75.0
3365,2017-09-17,74.5
3366,2017-09-18,71.5
3367,2017-09-19,71.5
3368,2017-09-20,74.0
3369,2017-09-21,75.5
3370,2017-09-22,72.5
3371,2017-09-23,76.0
3372,2017-09-24,79.0
3373,2017-09-25,78.5
3374,2017-09-26,76.0
3375,2017-09-27,77.5
3376,2017-09-28,69.0
3377,2017-09-29,63.5
3378,2017-09-30,59.5
3379,2017-10-01,60.0
3380,2017-10-02,63.5
3381,2017-10-03,63.5
3382,2017-10-04,66.0
3383,2017-10-05,72.0
3384,2017-10-06,74.5
3385,2017-10-07,72.5
3386,2017-10-08,74.5
3387,2017-10-09,73.5
3388,2017-10-10,73.0
3389,2017-10-11,70.0
3390,2017-10-12,61.0
3391,2017-10-13,60.0
3392,2017-10-14,67.0
3393,2017-10-15,68.0
3394,2017-10-16,60.0
3395,2017-10-17,52.0
3396,2017-10-18,61.0
3397,2017-10-19,63.0
3398,2017-10-20,65.5
3399,2017-10-21,67.5
3400,2017-10-22,66.0
3401,2017-10-23,66.5
3402,2017-10-24,69.0
3403,2017-10-25,62.5
3404,2017-10-26,55.0
3405,2017-10-27,55.5
3406,2017-10-28,61.5
3407,2017-10-29,64.5
3408,2017-10-30,55.5
3409,2017-10-31,52.5
3410,2017-11-01,52.5
3411,2017-11-02,63.5
3412,2017-11-03,62.5
3413,2017-11-04,51.0
3414,2017-11-05,57.5
3415,2017-11-06,58.0
3416,2017-11-07,45.5
3417,2017-11-08,44.0
3418,2017-11-09,48.0
3419,2017-11-10,39.5
3420,2017-11-11,31.5
3421,2017-11-12,40.0
3422,2017-11-13,44.5
3423,2017-11-14,41.5
3424,2017-11-15,43.0
3425,2017-11-16,51.5
3426,2017-11-17,43.0
3427,2017-11-18,45.5
3428,2017-11-19,50.0
3429,2017-11-20,41.5
3430,2017-11-21,49.5
3431,2017-11-22,45.5
3432,2017-11-23,37.5
3433,2017-11-24,42.5
3434,2017-11-25,48.0
3435,2017-11-26,45.5
3436,2017-11-27,44.5
3437,2017-11-28,44.0
3438,2017-11-29,52.5
3439,2017-11-30,44.5
3440,2017-12-01,47.0
3441,2017-12-02,43.0
3442,2017-12-03,45.0
3443,2017-12-04,44.5
3444,2017-12-05,53.0
3445,2017-12-06,49.0
3446,2017-12-07,41.5
3447,2017-12-08,37.0
3448,2017-12-09,33.5
3449,2017-12-10,33.0
3450,2017-12-11,36.5
3451,2017-12-12,38.0
3452,2017-12-13,26.0
3453,2017-12-14,27.5
3454,2017-12-15,24.5
3455,2017-12-16,31.0
3456,2017-12-17,33.0
3457,2017-12-18,38.5
3458,2017-12-19,46.0
3459,2017-12-20,42.0
3460,2017-12-21,36.0
3461,2017-12-22,40.0
3462,2017-12-23,44.5
3463,2017-12-24,39.0
3464,2017-12-25,35.0
3465,2017-12-26,26.0
3466,2017-12-27,21.0
3467,2017-12-28,16.0
3468,2017-12-29,17.5
3469,2017-12-30,21.5
3470,2017-12-31,16.0
3471,2018-01-01,13.0
3472,2018-01-02,19.0
3473,2018-01-03,21.5
3474,2018-01-04,23.5
3475,2018-01-05,13.5
3476,2018-01-06,10.0
3477,2018-01-07,10.5
3478,2018-01-08,23.5
3479,2018-01-09,34.0
3480,2018-01-10,32.0
3481,2018-01-11,39.5
3482,2018-01-12,49.0
3483,2018-01-13,38.5
3484,2018-01-14,20.0
3485,2018-01-15,23.5
3486,2018-01-16,30.0
3487,2018-01-17,29.5
3488,2018-01-18,26.0
3489,2018-01-19,31.0
3490,2018-01-20,41.0
3491,2018-01-21,41.0
3492,2018-01-22,41.5
3493,2018-01-23,46.0
3494,2018-01-24,35.5
3495,2018-01-25,28.5
3496,2018-01-26,31.0
3497,2018-01-27,41.5
3498,2018-01-28,45.0
3499,2018-01-29,39.5
3500,2018-01-30,30.0
3501,2018-01-31,25.0
3502,2018-02-01,35.5
3503,2018-02-02,28.0
3504,2018-02-03,23.0
3505,2018-02-04,34.0
3506,2018-02-05,32.0
3507,2018-02-06,31.5
3508,2018-02-07,35.0
3509,2018-02-08,28.5
3510,2018-02-09,30.5
3511,2018-02-10,39.0
3512,2018-02-11,47.0
3513,2018-02-12,43.0
3514,2018-02-13,30.5
3515,2018-02-14,41.0
3516,2018-02-15,48.0
3517,2018-02-16,45.5
3518,2018-02-17,33.5
3519,2018-02-18,38.0
3520,2018-02-19,41.5
3521,2018-02-20,52.0
3522,2018-02-21,60.5
3523,2018-02-22,44.5
3524,2018-02-23,38.0
3525,2018-02-24,44.5
3526,2018-02-25,42.5
3527,2018-02-26,45.5
3528,2018-02-27,45.0
3529,2018-02-28,48.0
3530,2018-03-01,50.0
3531,2018-03-02,40.0
3532,2018-03-03,40.5
3533,2018-03-04,37.5
3534,2018-03-05,37.5
3535,2018-03-06,38.5
3536,2018-03-07,35.0
3537,2018-03-08,34.0
3538,2018-03-09,34.5
3539,2018-03-10,35.5
3540,2018-03-11,37.5
3541,2018-03-12,36.5
3542,2018-03-13,35.5
3543,2018-03-14,34.5
3544,2018-03-15,37.0
3545,2018-03-16,34.5
3546,2018-03-17,36.5
3547,2018-03-18,35.0
3548,2018-03-19,38.0
3549,2018-03-20,34.5
3550,2018-03-21,34.5
3551,2018-03-22,38.0
3552,2018-03-23,40.5
3553,2018-03-24,40.5
3554,2018-03-25,38.5
3555,2018-03-26,40.5
3556,2018-03-27,38.5
3557,2018-03-28,45.0
3558,2018-03-29,48.5
3559,2018-03-30,48.5
3560,2018-03-31,46.0
3561,2018-04-01,49.0
3562,2018-04-02,37.0
3563,2018-04-03,39.5
3564,2018-04-04,46.5
3565,2018-04-05,38.5
3566,2018-04-06,47.0
3567,2018-04-07,41.5
3568,2018-04-08,37.0
3569,2018-04-09,39.0
3570,2018-04-10,42.5
3571,2018-04-11,43.5
3572,2018-04-12,50.0
3573,2018-04-13,64.0
3574,2018-04-14,57.5
3575,2018-04-15,41.0
3576,2018-04-16,48.0
3577,2018-04-17,42.5
3578,2018-04-18,43.5
3579,2018-04-19,43.0
3580,2018-04-20,42.5
3581,2018-04-21,47.5
3582,2018-04-22,52.5
3583,2018-04-23,53.5
3584,2018-04-24,53.5
3585,2018-04-25,53.5
3586,2018-04-26,58.0
3587,2018-04-27,52.5
3588,2018-04-28,56.5
3589,2018-04-29,51.0
3590,2018-04-30,48.5
3591,2018-05-01,60.0
3592,2018-05-02,70.5
3593,2018-05-03,74.5
3594,2018-05-04,73.0
3595,2018-05-05,65.0
3596,2018-05-06,60.0
3597,2018-05-07,63.0
3598,2018-05-08,61.0
3599,2018-05-09,62.0
3600,2018-05-10,62.0
3601,2018-05-11,64.5
3602,2018-05-12,57.5
3603,2018-05-13,54.0
3604,2018-05-14,61.5
3605,2018-05-15,70.5
3606,2018-05-16,60.0
3607,2018-05-17,61.5
3608,2018-05-18,59.5
3609,2018-05-19,54.0
3610,2018-05-20,67.0
3611,2018-05-21,67.0
3612,2018-05-22,62.0
3613,2018-05-23,67.5
3614,2018-05-24,72.0
3615,2018-05-25,74.0
3616,2018-05-26,78.0
3617,2018-05-27,64.5
3618,2018-05-28,64.0
3619,2018-05-29,74.0
3620,2018-05-30,68.5
3621,2018-05-31,64.5
3622,2018-06-01,72.0
3623,2018-06-02,75.5
3624,2018-06-03,61.5
3625,2018-06-04,61.0
3626,2018-06-05,66.5
3627,2018-06-06,63.0
3628,2018-06-07,64.5
3629,2018-06-08,69.0
3630,2018-06-09,72.0
3631,2018-06-10,64.5
3632,2018-06-11,65.5
3633,2018-06-12,66.0
3634,2018-06-13,68.5
3635,2018-06-14,74.0
3636,2018-06-15,68.5
3637,2018-06-16,73.0
3638,2018-06-17,78.0
3639,2018-06-18,80.0
3640,2018-06-19,78.5
3641,2018-06-20,75.5
3642,2018-06-21,76.0
3643,2018-06-22,70.5
3644,2018-06-23,66.5
3645,2018-06-24,73.0
3646,2018-06-25,73.5
3647,2018-06-26,71.0
3648,2018-06-27,70.5
3649,2018-06-28,76.5
3650,2018-06-29,80.5
3651,2018-06-30,83.0
3652,2018-07-01,87.0
3653,2018-07-02,85.5
3654,2018-07-03,85.5
3655,2018-07-04,82.5
3656,2018-07-05,82.5
3657,2018-07-06,79.0
3658,2018-07-07,71.0
3659,2018-07-08,75.0
3660,2018-07-09,77.5
3661,2018-07-10,81.5
3662,2018-07-11,79.0
3663,2018-07-12,76.5
3664,2018-07-13,76.5
3665,2018-07-14,80.5
3666,2018-07-15,80.0
3667,2018-07-16,82.5
3668,2018-07-17,80.0
3669,2018-07-18,77.5
3670,2018-07-19,77.0
3671,2018-07-20,76.5
3672,2018-07-21,73.0
3673,2018-07-22,78.0
3674,2018-07-23,78.5
3675,2018-07-24,79.0
3676,2018-07-25,78.0
3677,2018-07-26,80.0
3678,2018-07-27,80.5
3679,2018-07-28,81.0
3680,2018-07-29,78.5
3681,2018-07-30,77.0
3682,2018-07-31,76.5
3683,2018-08-01,81.0
3684,2018-08-02,83.0
3685,2018-08-03,81.0
3686,2018-08-04,82.0
3687,2018-08-05,84.5
3688,2018-08-06,86.5
3689,2018-08-07,85.0
3690,2018-08-08,84.5
3691,2018-08-09,83.5
3692,2018-08-10,82.5
3693,2018-08-11,77.0
3694,2018-08-12,78.5
3695,2018-08-13,74.5
3696,2018-08-14,78.0
3697,2018-08-15,80.0
3698,2018-08-16,84.0
3699,2018-08-17,82.5
3700,2018-08-18,80.0
3701,2018-08-19,71.0
3702,2018-08-20,72.0
3703,2018-08-21,74.0
3704,2018-08-22,78.5
3705,2018-08-23,73.5
3706,2018-08-24,77.0
3707,2018-08-25,75.0
3708,2018-08-26,77.0
3709,2018-08-27,82.5
3710,2018-08-28,86.0
3711,2018-08-29,87.0
3712,2018-08-30,83.0
3713,2018-08-31,74.0
3714,2018-09-01,74.0
3715,2018-09-02,76.5
3716,2018-09-03,82.5
3717,2018-09-04,85.0
3718,2018-09-05,83.0
3719,2018-09-06,84.0
3720,2018-09-07,74.5
3721,2018-09-08,67.5
3722,2018-09-09,62.0
3723,2018-09-10,62.5
3724,2018-09-11,71.5
3725,2018-09-12,75.5
3726,2018-09-13,73.0
3727,2018-09-14,72.5
3728,2018-09-15,75.0
3729,2018-09-16,77.0
3730,2018-09-17,74.5
3731,2018-09-18,76.5
3732,2018-09-19,75.0
3733,2018-09-20,69.0
3734,2018-09-21,70.5
3735,2018-09-22,69.0
3736,2018-09-23,63.0
3737,2018-09-24,63.5
3738,2018-09-25,65.5
3739,2018-09-26,75.5
3740,2018-09-27,67.5
3741,2018-09-28,62.5
3742,2018-09-29,67.0
3743,2018-09-30,65.0
3744,2018-10-01,71.0
3745,2018-10-02,72.5
3746,2018-10-03,70.5
3747,2018-10-04,71.5
3748,2018-10-05,65.5
3749,2018-10-06,66.0
3750,2018-10-07,73.0
3751,2018-10-08,67.5
3752,2018-10-09,72.0
3753,2018-10-10,74.5
3754,2018-10-11,74.5
3755,2018-10-12,61.5
3756,2018-10-13,53.5
3757,2018-10-14,55.0
3758,2018-10-15,61.0
3759,2018-10-16,54.0
3760,2018-10-17,56.0
3761,2018-10-18,47.0
3762,2018-10-19,52.5
3763,2018-10-20,59.0
3764,2018-10-21,47.5
3765,2018-10-22,47.5
3766,2018-10-23,56.5
3767,2018-10-24,50.0
3768,2018-10-25,46.5
3769,2018-10-26,45.0
3770,2018-10-27,50.0
3771,2018-10-28,50.0
3772,2018-10-29,52.5
3773,2018-10-30,50.0
3774,2018-10-31,55.5
3775,2018-11-01,62.5
3776,2018-11-02,66.0
3777,2018-11-03,57.0
3778,2018-11-04,50.0
3779,2018-11-05,52.0
3780,2018-11-06,53.5
3781,2018-11-07,57.0
3782,2018-11-08,51.0
3783,2018-11-09,48.0
3784,2018-11-10,43.5
3785,2018-11-11,41.0
3786,2018-11-12,43.5
3787,2018-11-13,46.0
3788,2018-11-14,37.5
3789,2018-11-15,35.0
3790,2018-11-16,40.0
3791,2018-11-17,42.5
3792,2018-11-18,41.0
3793,2018-11-19,45.5
3794,2018-11-20,43.0
3795,2018-11-21,37.5
3796,2018-11-22,24.5
3797,2018-11-23,25.0
3798,2018-11-24,39.5
3799,2018-11-25,48.5
3800,2018-11-26,47.0
3801,2018-11-27,40.5
3802,2018-11-28,39.0
3803,2018-11-29,41.5
3804,2018-11-30,39.0
3805,2018-12-01,40.5
3806,2018-12-02,48.0
3807,2018-12-03,49.5
3808,2018-12-04,38.5
3809,2018-12-05,32.5
3810,2018-12-06,35.5
3811,2018-12-07,34.0
3812,2018-12-08,30.5
3813,2018-12-09,32.0
3814,2018-12-10,34.0
3815,2018-12-11,34.0
3816,2018-12-12,36.5
3817,2018-12-13,37.5
3818,2018-12-14,43.0
3819,2018-12-15,47.0
3820,2018-12-16,42.0
3821,2018-12-17,41.5
3822,2018-12-18,34.5
3823,2018-12-19,33.5
3824,2018-12-20,41.5
3825,2018-12-21,56.5
3826,2018-12-22,45.0
3827,2018-12-23,39.0
3828,2018-12-24,39.0
3829,2018-12-25,37.0
3830,2018-12-26,37.5
3831,2018-12-27,38.0
3832,2018-12-28,48.5
3833,2018-12-29,46.0
3834,2018-12-30,37.0
3835,2018-12-31,37.5
3836,2019-01-01,49.5
3837,2019-01-02,36.0
3838,2019-01-03,37.5
3839,2019-01-04,39.5
3840,2019-01-05,40.5
3841,2019-01-06,41.5
3842,2019-01-07,30.5
3843,2019-01-08,44.0
3844,2019-01-09,40.5
3845,2019-01-10,34.0
3846,2019-01-11,26.0
3847,2019-01-12,28.5
3848,2019-01-13,30.0
3849,2019-01-14,27.0
3850,2019-01-15,30.5
3851,2019-01-16,33.5
3852,2019-01-17,26.5
3853,2019-01-18,36.0
3854,2019-01-19,31.5
3855,2019-01-20,36.0
3856,2019-01-21,9.0
3857,2019-01-22,18.0
3858,2019-01-23,36.5
3859,2019-01-24,46.5
3860,2019-01-25,31.5
3861,2019-01-26,26.5
3862,2019-01-27,38.5
3863,2019-01-28,28.0
3864,2019-01-29,37.0
3865,2019-01-30,25.5
3866,2019-01-31,12.5
3867,2019-02-01,17.0
3868,2019-02-02,25.0
3869,2019-02-03,36.5
3870,2019-02-04,40.5
3871,2019-02-05,47.0
3872,2019-02-06,38.0
3873,2019-02-07,42.0
3874,2019-02-08,46.5
3875,2019-02-09,26.0
3876,2019-02-10,30.0
3877,2019-02-11,35.0
3878,2019-02-12,29.0
3879,2019-02-13,38.5
3880,2019-02-14,38.5
3881,2019-02-15,46.5
3882,2019-02-16,39.5
3883,2019-02-17,31.5
3884,2019-02-18,38.5
3885,2019-02-19,29.5
3886,2019-02-20,25.5
3887,2019-02-21,42.0
3888,2019-02-22,38.5
3889,2019-02-23,33.5
3890,2019-02-24,47.0
3891,2019-02-25,37.5
3892,2019-02-26,31.5
3893,2019-02-27,27.0
3894,2019-02-28,31.5
3895,2019-03-01,31.5
3896,2019-03-02,32.5
3897,2019-03-03,33.5
3898,2019-03-04,29.5
3899,2019-03-05,23.5
3900,2019-03-06,21.5
3901,2019-03-07,23.5
3902,2019-03-08,26.5
3903,2019-03-09,33.5
3904,2019-03-10,34.0
3905,2019-03-11,39.5
3906,2019-03-12,37.5
3907,2019-03-13,40.0
3908,2019-03-14,47.0
3909,2019-03-15,56.5
3910,2019-03-16,45.0
3911,2019-03-17,40.5
3912,2019-03-18,40.5
3913,2019-03-19,42.5
3914,2019-03-20,45.5
3915,2019-03-21,47.0
3916,2019-03-22,44.5
3917,2019-03-23,41.0
3918,2019-03-24,48.0
3919,2019-03-25,48.0
3920,2019-03-26,41.5
3921,2019-03-27,41.5
3922,2019-03-28,46.0
3923,2019-03-29,53.5
3924,2019-03-30,61.0
3925,2019-03-31,49.0
3926,2019-04-01,41.0
3927,2019-04-02,44.5
3928,2019-04-03,52.5
3929,2019-04-04,50.5
3930,2019-04-05,40.5
3931,2019-04-06,55.0
3932,2019-04-07,58.5
3933,2019-04-08,65.5
3934,2019-04-09,57.0
3935,2019-04-10,53.5
3936,2019-04-11,48.0
3937,2019-04-12,58.5
3938,2019-04-13,69.0
3939,2019-04-14,63.5
3940,2019-04-15,57.0
3941,2019-04-16,54.5
3942,2019-04-17,53.5
3943,2019-04-18,60.5
3944,2019-04-19,64.5
3945,2019-04-20,63.5
3946,2019-04-21,64.5
3947,2019-04-22,61.0
3948,2019-04-23,67.0
3949,2019-04-24,62.0
3950,2019-04-25,60.5
3951,2019-04-26,61.5
3952,2019-04-27,53.5
3953,2019-04-28,43.5
3954,2019-04-29,53.5
3955,2019-04-30,61.0
3956,2019-05-01,54.0
3957,2019-05-02,66.0
3958,2019-05-03,58.0
3959,2019-05-04,65.0
3960,2019-05-05,51.5
3961,2019-05-06,63.0
3962,2019-05-07,67.0
3963,2019-05-08,65.5
3964,2019-05-09,57.5
3965,2019-05-10,65.5
3966,2019-05-11,66.0
3967,2019-05-12,50.0
3968,2019-05-13,44.5
3969,2019-05-14,50.0
3970,2019-05-15,58.0
3971,2019-05-16,65.5
3972,2019-05-17,69.5
3973,2019-05-18,70.5
3974,2019-05-19,72.5
3975,2019-05-20,79.5
3976,2019-05-21,65.0
3977,2019-05-22,71.0
3978,2019-05-23,72.0
3979,2019-05-24,70.0
3980,2019-05-25,67.5
3981,2019-05-26,77.0
3982,2019-05-27,77.5
3983,2019-05-28,73.5
3984,2019-05-29,76.0
3985,2019-05-30,71.0
3986,2019-05-31,75.5
3987,2019-06-01,77.5
3988,2019-06-02,76.5
3989,2019-06-03,68.0
3990,2019-06-04,68.0
3991,2019-06-05,76.0
3992,2019-06-06,78.5
3993,2019-06-07,78.5
3994,2019-06-08,79.0
3995,2019-06-09,73.0
3996,2019-06-10,66.5
3997,2019-06-11,73.0
3998,2019-06-12,70.0
3999,2019-06-13,64.5
4000,2019-06-14,68.0
4001,2019-06-15,73.5
4002,2019-06-16,78.5
4003,2019-06-17,75.0
4004,2019-06-18,73.5
4005,2019-06-19,73.5
4006,2019-06-20,78.5
4007,2019-06-21,73.0
4008,2019-06-22,74.0
4009,2019-06-23,77.5
4010,2019-06-24,79.5
4011,2019-06-25,79.5
4012,2019-06-26,82.5
4013,2019-06-27,86.5
4014,2019-06-28,86.5
4015,2019-06-29,86.0
4016,2019-06-30,79.5
4017,2019-07-01,80.5
